distance-to-solar-noon,temperature,wind-direction,wind-speed,sky-cover,visibility,humidity,average-wind-speed-(period),average-pressure-(period),Predicted_Power
0.859897172,69,28,7.5,0,10.0,75,8.0,29.82,-96.34672242032924
0.628534704,69,28,7.5,0,10.0,77,5.0,29.85,-126.4542428838336
0.397172237,69,28,7.5,0,10.0,70,0.0,29.89,5902.815880406085
0.165809769,69,28,7.5,0,10.0,33,0.0,29.91,23951.720688968937
0.065552699,69,28,7.5,0,10.0,21,3.0,29.89,29585.963323516287
0.296915167,69,28,7.5,0,10.0,20,23.0,29.85,17901.018802563874
0.528277635,69,28,7.5,0,10.0,36,15.0,29.83,421.4956611040359
0.759640103,69,28,7.5,0,10.0,49,6.0,29.86,276.3189362528913
0.8621134020000001,72,29,6.8,0,10.0,67,6.0,29.86,174.63571680081742
0.630154639,72,29,6.8,0,10.0,49,0.0,29.87,-45.28873671733633
0.398195876,72,29,6.8,0,10.0,54,0.0,29.9,6219.147498564113
0.166237113,72,29,6.8,0,10.0,64,0.0,29.92,22140.966770718696
0.065721649,72,29,6.8,0,10.0,23,9.0,29.88,29436.77223812699
0.297680412,72,29,6.8,0,10.0,30,18.0,29.84,17549.944071787795
0.529639175,72,29,6.8,0,10.0,65,11.0,29.84,398.06620119695856
0.761597938,72,29,6.8,0,10.0,75,5.0,29.85,-29.34338401147949
0.86545925,73,29,7.9,0,10.0,72,6.0,29.84,0.8065847167956619
0.6326002589999999,73,29,7.9,0,10.0,78,6.0,29.86,-106.21284903525036
0.399741268,73,29,7.9,0,10.0,63,0.0,29.88,5980.69755773625
0.166882277,73,29,7.9,0,10.0,69,3.0,29.88,19694.465540237663
0.065976714,73,29,7.9,0,10.0,33,10.0,29.84,27350.48805692156
0.298835705,73,29,7.9,0,10.0,27,20.0,29.81,14877.578122241313
0.531694696,73,29,7.9,0,10.0,53,14.0,29.81,294.44646471656006
0.764553687,73,29,7.9,0,10.0,70,6.0,29.85,60.75218226995601
0.86770428,76,30,6.9,0,10.0,73,0.0,29.83,248.35297617187922
0.634241245,76,30,6.9,0,10.0,78,6.0,29.82,141.3335424198333
0.40077821,76,30,6.9,0,10.0,70,0.0,29.84,6170.603665709751
0.167315175,76,30,6.9,0,10.0,64,3.0,29.85,21899.437141900875
0.06614786,76,30,6.9,0,10.0,62,6.0,29.79,28989.491362132543
0.299610895,76,30,6.9,0,10.0,30,15.0,29.75,17177.63339898402
0.53307393,76,30,6.9,0,10.0,27,17.0,29.74,609.6936818314813
0.766536965,76,30,6.9,0,10.0,33,5.0,29.77,195.37353723481436
0.869791667,77,29,8.5,0,10.0,53,3.0,29.77,-149.98120034361125
0.635416667,77,29,8.5,0,10.0,70,7.0,29.76,60.75218226995601
0.4010416670000001,77,29,8.5,0,10.0,61,0.0,29.8,5805.799442932856
0.166666667,77,29,8.5,0,10.0,64,3.0,29.82,21714.060013820315
0.067708333,77,29,8.5,0,10.0,49,5.0,29.78,27979.49865584629
0.302083333,77,29,8.5,0,10.0,19,22.0,29.75,14825.363125040654
0.536458333,77,29,8.5,0,10.0,51,15.0,29.76,322.2694633190642
0.770833333,77,29,8.5,0,10.0,37,8.0,29.79,69.74253423791669
0.870925684,75,30,8.6,1,10.0,57,6.0,29.78,159.19229502509194
0.636245111,75,30,8.6,1,10.0,73,3.0,29.78,171.4835111481084
0.4015645370000001,75,30,8.6,1,10.0,52,3.0,29.81,5912.082152631088
0.166883963,75,30,8.6,1,10.0,66,3.0,29.82,21115.17026381671
0.06779661,75,30,8.6,0,10.0,29,16.0,29.79,26978.177384117786
0.302477184,75,30,8.6,0,10.0,39,18.0,29.75,16513.435929747044
0.537157757,75,30,8.6,0,10.0,57,14.0,29.74,465.12339114787284
0.771838331,75,30,8.6,0,10.0,65,8.0,29.76,216.05008694522394
0.8730366490000001,62,29,14.9,1,10.0,81,8.0,29.76,-130.04218615391116
0.637434555,62,29,14.9,1,10.0,87,7.0,29.74,-160.14970661741546
0.401832461,62,29,14.9,1,10.0,84,8.0,29.76,2232.526265078463
0.166230366,62,29,14.9,1,10.0,68,14.0,29.77,21145.1152920929
0.069371728,62,29,14.9,1,10.0,61,22.0,29.73,31078.186155729876
0.304973822,62,29,14.9,1,10.0,70,25.0,29.71,16043.576058914361
0.540575916,62,29,14.9,1,10.0,87,22.0,29.73,276.39063881044575
0.77617801,62,29,14.9,1,10.0,90,13.0,29.75,-130.04218615391116
0.8753280840000001,64,31,5.8,3,10.0,90,7.0,29.76,45.04975754752124
0.639107612,64,31,5.8,4,10.0,87,5.0,29.75,-13.993445492048153
0.402887139,64,31,5.8,4,9.0,87,0.0,29.77,1881.1699754205542
0.166666667,64,31,5.8,1,9.0,73,5.0,29.78,20403.23152093427
0.069553806,64,31,5.8,1,10.0,59,10.0,29.75,29311.90708775223
0.305774278,64,31,5.8,1,10.0,61,14.0,29.7,17031.90959498103
0.541994751,64,31,5.8,1,10.0,73,6.0,29.72,685.4590687813604
0.778215223,64,31,5.8,1,10.0,87,6.0,29.75,66.26874708960146
0.8787878790000001,63,21,10.5,3,10.0,84,7.0,29.76,-501.0009777361085
0.6416337289999999,63,21,10.5,3,10.0,78,7.0,29.75,-523.6249009730109
0.4044795779999999,63,21,10.5,4,10.0,81,8.0,29.78,319.84058322804685
0.167325428,63,21,10.5,4,10.0,73,5.0,29.8,5814.355981182216
0.069828722,63,21,10.5,1,10.0,63,15.0,29.76,17581.355045170905
0.306982872,63,21,10.5,1,10.0,68,20.0,29.74,8047.477444473756
0.544137022,63,21,10.5,1,10.0,78,7.0,29.74,-347.49673995173896
0.781291173,63,21,10.5,3,10.0,81,13.0,29.76,-470.8934572726043
0.880952381,64,28,9.7,3,10.0,81,7.0,29.76,-209.39957433255626
0.642857143,64,28,9.7,4,10.0,81,7.0,29.77,-97.76585094081288
0.404761905,64,28,9.7,4,10.0,78,7.0,29.8,1839.8730334565303
0.166666667,64,28,9.7,3,10.0,68,3.0,29.84,15901.253027275467
0.071428571,64,28,9.7,1,10.0,59,16.0,29.81,26246.35669044448
0.30952381,64,28,9.7,1,10.0,63,18.0,29.8,15093.729548578385
0.5476190479999999,64,28,9.7,1,10.0,81,15.0,29.82,-3.163892847780092
0.7857142859999999,64,28,9.7,1,10.0,84,8.0,29.85,-158.0730643269717
0.883289125,61,29,11.4,2,10.0,87,10.0,29.85,-158.0730643269717
0.644562334,61,29,11.4,4,10.0,87,3.0,29.85,-97.76585094081288
0.405835544,61,29,11.4,4,8.0,84,3.0,29.87,1031.6770158558109
0.167108753,61,29,11.4,2,10.0,73,3.0,29.87,19540.094398923564
0.071618037,61,29,11.4,1,10.0,68,21.0,29.84,25248.304800312948
0.310344828,61,29,11.4,1,10.0,75,23.0,29.81,14528.907958898055
0.5490716179999999,61,29,11.4,1,10.0,87,18.0,29.83,-103.96623137157572
0.787798408,61,29,11.4,1,10.0,87,10.0,29.86,-158.0730643269717
0.8868175770000001,60,28,11.7,3,10.0,90,13.0,29.87,-179.29205386905193
0.64713715,60,28,11.7,3,10.0,83,8.0,29.87,-179.29205386905193
0.407456724,60,28,11.7,4,10.0,86,5.0,29.9,1031.6770158558109
0.167776298,60,28,11.7,4,9.0,81,7.0,29.93,8482.709010207156
0.071904128,60,28,11.7,1,10.0,68,16.0,29.88,24772.602061384856
0.3115845539999999,60,28,11.7,1,10.0,73,21.0,29.85,14620.932260614056
0.55126498,60,28,11.7,3,10.0,80,13.0,29.88,-125.18522091365594
0.790945406,60,28,11.7,3,10.0,86,9.0,29.9,-179.29205386905193
0.8866666670000001,61,29,9.0,3,10.0,80,8.0,29.9,-179.29205386905193
0.6466666670000001,61,29,9.0,4,10.0,80,6.0,29.87,-97.76585094081288
0.406666667,61,29,9.0,4,10.0,83,5.0,29.9,1031.6770158558109
0.166666667,61,29,9.0,4,10.0,72,3.0,29.93,10734.428004514592
0.073333333,61,29,9.0,2,10.0,61,16.0,29.89,25873.509872550992
0.313333333,61,29,9.0,2,10.0,65,17.0,29.86,14960.493160985321
0.553333333,61,29,9.0,1,10.0,81,14.0,29.89,-158.0730643269717
0.793333333,61,29,9.0,1,10.0,83,7.0,29.93,-181.7653140034019
0.890227577,62,29,10.1,4,10.0,83,5.0,29.94,-91.35058015373875
0.649263722,62,29,10.1,4,10.0,87,3.0,29.94,-91.35058015373875
0.408299866,62,29,10.1,4,10.0,84,5.0,29.97,1331.9451891039582
0.167336011,62,29,10.1,3,9.0,73,7.0,30.0,15739.646674715003
0.073627845,62,29,10.1,1,10.0,63,15.0,29.96,26258.22164706611
0.3145917,62,29,10.1,1,10.0,68,21.0,29.94,14018.425880227018
0.5555555560000001,62,29,10.1,1,10.0,78,18.0,29.97,-44.177003882891746
0.7965194109999999,62,29,10.1,1,10.0,83,13.0,29.99,-55.56495959882495
0.89261745,60,28,12.6,3,10.0,86,9.0,29.99,-81.74251668648832
0.651006711,60,28,12.6,4,10.0,87,7.0,29.97,-91.35058015373875
0.4093959729999999,60,28,12.6,4,7.0,90,7.0,30.01,1230.4634649313043
0.167785235,60,28,12.6,3,7.0,78,5.0,30.01,15284.837302006672
0.073825503,60,28,12.6,1,10.0,63,16.0,29.95,27377.93872479887
0.315436242,60,28,12.6,1,10.0,70,22.0,29.92,14024.268011763415
0.55704698,60,28,12.6,1,10.0,83,18.0,29.94,-146.69922599431442
0.798657718,60,28,12.6,1,10.0,90,13.0,29.96,-55.56495959882495
0.894878706,59,28,12.7,2,10.0,90,11.0,29.97,-55.56495959882495
0.652291105,59,28,12.7,3,10.0,83,9.0,29.96,-81.74251668648832
0.409703504,59,28,12.7,4,9.0,83,9.0,29.97,1260.5709853948088
0.167115903,59,28,12.7,3,10.0,72,7.0,29.98,15739.646674715003
0.075471698,59,28,12.7,1,10.0,63,21.0,29.94,28087.971365896752
0.3180592989999999,59,28,12.7,2,10.0,67,20.0,29.92,14089.921963741022
0.5606469000000001,59,28,12.7,1,10.0,80,14.0,29.95,-146.69922599431442
0.8032345009999999,59,28,12.7,2,10.0,78,11.0,29.99,-44.177003882891746
0.897297297,62,24,9.6,4,10.0,75,10.0,30.0,-101.687052554173
0.6540540539999999,62,24,9.6,4,10.0,72,7.0,29.99,8.53499878986782
0.410810811,62,24,9.6,4,10.0,70,3.0,30.03,4123.878350815082
0.167567568,62,24,9.6,4,10.0,63,10.0,30.07,11966.689742260245
0.075675676,62,24,9.6,2,10.0,52,10.0,30.04,21973.827985492622
0.3189189189999999,62,24,9.6,0,10.0,54,17.0,30.01,13208.215534448684
0.562162162,62,24,9.6,0,10.0,70,9.0,30.0,99.30764935235877
0.805405405,62,24,9.6,0,10.0,72,6.0,30.01,9.254531335694153
0.900949796,60,26,7.9,1,10.0,78,6.0,30.01,-131.07504047185097
0.656716418,60,26,7.9,1,10.0,86,0.0,29.99,-142.4629961877842
0.412483039,60,26,7.9,1,10.0,83,0.0,30.02,2708.452218202477
0.168249661,60,26,7.9,1,10.0,56,10.0,30.05,22638.84387502326
0.0759837179999999,60,26,7.9,0,10.0,49,15.0,30.02,27161.22006296927
0.320217096,60,26,7.9,0,10.0,51,15.0,29.98,14859.075227650848
0.564450475,60,26,7.9,1,10.0,65,8.0,29.96,53.82110713280978
0.808683853,60,26,7.9,0,10.0,67,6.0,29.98,106.21419839594508
0.902040816,63,21,7.3,1,10.0,78,3.0,29.99,-273.1089909284505
0.6571428570000001,63,21,7.3,1,10.0,80,5.0,29.98,-250.48506769154812
0.4122448979999999,63,21,7.3,1,10.0,80,3.0,29.99,2770.521207318477
0.167346939,63,21,7.3,1,10.0,63,9.0,30.0,18155.367039029836
0.07755102,63,21,7.3,3,10.0,61,9.0,29.98,19811.05327566955
0.32244898,63,21,7.3,4,10.0,63,10.0,29.97,2495.840019599778
0.567346939,63,21,7.3,4,10.0,81,11.0,29.98,-142.17622070113538
0.812244898,63,21,7.3,3,10.0,81,6.0,29.99,-271.70405723362836
0.904502046,65,28,10.3,4,10.0,87,8.0,30.01,-61.243059690234425
0.65893588,65,28,10.3,4,10.0,90,8.0,30.01,-61.243059690234425
0.413369714,65,28,10.3,4,10.0,84,6.0,30.03,1329.2280398309779
0.167803547,65,28,10.3,4,10.0,70,9.0,30.05,11854.204735340654
0.077762619,65,28,10.3,2,10.0,63,11.0,30.03,26258.22164706611
0.323328786,65,28,10.3,3,10.0,75,15.0,30.01,9762.19715031713
0.5688949520000001,65,28,10.3,4,10.0,87,14.0,30.0,-56.2844921446513
0.8144611190000001,65,28,10.3,3,10.0,87,15.0,30.0,-76.7839491409052
0.906849315,63,27,14.4,3,10.0,87,8.0,29.97,-133.5744652663601
0.660273973,63,27,14.4,3,10.0,81,13.0,29.96,-128.61589772077699
0.41369863,63,27,14.4,4,10.0,84,8.0,29.98,1157.4142122652652
0.167123288,63,27,14.4,2,10.0,70,10.0,29.99,19953.7702439657
0.079452055,63,27,14.4,2,10.0,65,20.0,29.97,28188.919366412047
0.326027397,63,27,14.4,2,10.0,70,24.0,29.96,11629.976680564792
0.57260274,63,27,14.4,1,10.0,78,16.0,29.94,-187.14321885825302
0.8191780820000001,63,27,14.4,1,10.0,84,11.0,29.96,-107.39690817869676
0.909340659,66,29,7.3,1,10.0,87,0.0,29.96,19.548555471357584
0.6620879120000001,66,29,7.3,0,10.0,86,3.0,29.95,-71.58571092413186
0.414835165,66,29,7.3,1,10.0,81,0.0,30.0,2603.1131279158335
0.167582418,66,29,7.3,1,10.0,70,5.0,30.02,20414.056604640064
0.07967033,66,29,7.3,1,10.0,34,16.0,29.99,26590.621961084842
0.326923077,66,29,7.3,0,10.0,48,17.0,29.96,12164.021239428313
0.574175824,66,29,7.3,1,10.0,70,16.0,29.95,215.79565563324667
0.8214285709999999,66,29,7.3,0,10.0,78,8.0,29.97,61.044031650795134
0.913103448,69,29,8.7,0,10.0,81,6.0,29.97,-20.05126756861992
0.664827586,69,29,8.7,0,10.0,75,3.0,29.96,-8.663311852686718
0.416551724,69,29,8.7,1,9.0,84,3.0,29.98,2134.817498932787
0.168275862,69,29,8.7,0,9.0,73,5.0,29.99,20040.082138753354
0.08,69,29,8.7,0,10.0,66,6.0,29.94,26026.979159181814
0.328275862,69,29,8.7,0,10.0,37,21.0,29.9,10801.124081820992
0.576551724,69,29,8.7,0,10.0,56,18.0,29.91,29.996727389940737
0.824827586,69,29,8.7,0,10.0,75,11.0,29.94,-64.73149023908871
0.914246196,66,29,10.1,0,10.0,84,3.0,29.94,-148.45517594790277
0.665283541,66,29,10.1,0,10.0,90,5.0,29.92,-148.45517594790277
0.416320885,66,29,10.1,1,9.0,90,5.0,29.94,1710.4380056840378
0.16735823,66,29,10.1,1,10.0,66,3.0,29.95,20868.520138428354
0.081604426,66,29,10.1,1,10.0,51,13.0,29.92,25944.307124856306
0.330567082,66,29,10.1,1,10.0,49,16.0,29.89,11230.021198642764
0.579529737,66,29,10.1,1,10.0,56,16.0,29.89,120.10809713290347
0.828492393,66,29,10.1,0,10.0,62,11.0,29.92,84.94430074173282
0.918055556,67,29,9.3,0,10.0,67,3.0,29.91,66.91188058032739
0.668055556,67,29,9.3,0,10.0,80,6.0,29.9,-154.8704467349769
0.418055556,67,29,9.3,2,10.0,70,0.0,29.93,3367.9363432428745
0.168055556,67,29,9.3,2,10.0,63,7.0,29.95,20954.34111436627
0.081944444,67,29,9.3,2,10.0,47,15.0,29.91,25842.821916780686
0.331944444,67,29,9.3,2,10.0,57,21.0,29.88,11100.712991964641
0.581944444,67,29,9.3,1,10.0,70,11.0,29.89,53.59006074966694
0.831944444,67,29,9.3,0,10.0,81,8.0,29.91,-118.34765548439839
0.919332406,66,29,10.7,0,10.0,81,6.0,29.91,-148.45517594790277
0.668984701,66,29,10.7,0,9.0,87,7.0,29.9,-154.8704467349769
0.418636996,66,29,10.7,2,9.0,84,6.0,29.93,1710.4380056840378
0.168289291,66,29,10.7,1,10.0,68,6.0,29.95,20015.327798030503
0.082058414,66,29,10.7,1,10.0,50,13.0,29.91,27216.804151684235
0.33240612,66,29,10.7,1,10.0,68,18.0,29.9,11069.830251802008
0.582753825,66,29,10.7,1,10.0,90,15.0,29.92,-113.38908793881527
0.83310153,66,29,10.7,1,10.0,90,10.0,29.94,-118.34765548439839
0.921787709,66,29,9.1,1,10.0,90,10.0,29.95,-118.34765548439839
0.670391061,66,29,9.1,1,10.0,93,3.0,29.93,-148.45517594790277
0.4189944129999999,66,29,9.1,1,10.0,93,6.0,29.95,1710.4380056840378
0.167597765,66,29,9.1,0,10.0,73,3.0,29.95,19558.546743727456
0.083798883,66,29,9.1,1,10.0,56,6.0,29.9,25727.289585549064
0.335195531,66,29,9.1,1,10.0,59,20.0,29.85,7918.899653943917
0.5865921789999999,66,29,9.1,0,10.0,73,15.0,29.89,-6.355536803493364
0.837988827,66,29,9.1,1,10.0,81,5.0,29.92,-148.45517594790277
0.925666199,61,30,12.3,1,10.0,90,13.0,29.92,23.97770043699835
0.6732117809999999,61,30,12.3,1,10.0,93,8.0,29.91,19.01913289141523
0.420757363,61,30,12.3,1,10.0,93,8.0,29.94,1877.9123145233557
0.168302945,61,30,12.3,1,10.0,65,9.0,29.94,20991.781653204518
0.084151473,61,30,12.3,1,10.0,63,20.0,29.9,24651.234239514975
0.336605891,61,30,12.3,1,10.0,70,21.0,29.89,8390.740599782743
0.589060309,61,30,12.3,1,10.0,87,11.0,29.93,23.97770043699835
0.8415147270000001,61,30,12.3,2,10.0,90,11.0,29.96,-55.56495959882495
0.928270042,62,28,8.4,4,10.0,90,8.0,29.97,-61.243059690234425
0.675105485,62,28,8.4,4,10.0,87,6.0,29.96,-91.35058015373875
0.421940928,62,28,8.4,4,10.0,87,6.0,29.96,1179.1386403816323
0.168776371,62,28,8.4,3,10.0,75,5.0,29.98,15936.767747366228
0.0843881859999999,62,28,8.4,2,10.0,63,15.0,29.94,22595.400849034482
0.337552743,62,28,8.4,2,10.0,68,15.0,29.95,8608.056708258795
0.5907173000000001,62,28,8.4,2,10.0,75,11.0,29.96,29.78528764425998
0.8438818570000001,62,28,8.4,0,10.0,81,8.0,29.97,-60.52352714440807
0.93079096,65,29,6.9,0,10.0,81,5.0,29.98,-13.761582584141552
0.676553672,65,29,6.9,1,10.0,87,5.0,29.99,-13.761582584141552
0.422316384,65,29,6.9,2,10.0,83,0.0,30.04,2691.778066867387
0.168079096,65,29,6.9,2,10.0,70,3.0,30.05,20576.585562191074
0.086158192,65,29,6.9,2,10.0,50,9.0,30.01,23777.633734168532
0.34039548,65,29,6.9,2,10.0,53,18.0,29.97,9940.12442087199
0.594632768,65,29,6.9,1,10.0,68,15.0,29.99,272.4479080218207
0.848870056,65,29,6.9,1,10.0,67,0.0,30.01,234.91561199958784
0.933427762,66,29,7.8,1,10.0,67,0.0,30.0,158.04614697581684
0.678470255,66,29,7.8,1,10.0,78,5.0,29.99,-45.93295383648002
0.423512748,66,29,7.8,2,10.0,75,0.0,29.98,2235.013584307826
0.168555241,66,29,7.8,3,10.0,71,3.0,29.98,15936.767747366228
0.0864022659999999,66,29,7.8,3,10.0,50,22.0,29.95,19518.59148385515
0.341359773,66,29,7.8,3,10.0,59,16.0,29.92,8747.430541846086
0.59631728,66,29,7.8,3,10.0,81,8.0,29.96,-48.43237863098913
0.851274788,66,29,7.8,3,10.0,84,9.0,29.95,-139.56664502647862
0.937411095,67,27,9.5,3,10.0,84,10.0,29.94,-191.3985936063504
0.6813655759999999,67,27,9.5,4,10.0,87,6.0,29.92,-109.87239067811137
0.425320057,67,27,9.5,4,10.0,81,0.0,29.96,1310.7062293066053
0.169274538,67,27,9.5,3,10.0,73,6.0,29.98,15687.814726135133
0.086770982,67,27,9.5,3,10.0,62,17.0,29.97,18785.91411250008
0.342816501,67,27,9.5,3,10.0,76,9.0,29.92,5140.6338606203935
0.59886202,67,27,9.5,3,10.0,87,13.0,29.91,-186.4400260607673
0.854907539,67,27,9.5,2,10.0,90,16.0,29.92,-165.22103651868707
0.940085592,65,19,8.5,4,10.0,90,7.0,29.91,-328.0740652611453
0.6833095579999999,65,19,8.5,3,10.0,87,8.0,29.86,-470.8934572726043
0.426533524,65,19,8.5,3,10.0,84,5.0,29.87,993.6813962730855
0.1697574889999999,65,19,8.5,3,10.0,73,3.0,29.87,9348.186600310642
0.087018545,65,19,8.5,3,10.0,63,0.0,29.83,12975.117631844627
0.343794579,65,19,8.5,4,10.0,65,9.0,29.77,2582.1499948187206
0.6005706129999999,65,19,8.5,4,10.0,70,14.0,29.76,-126.73056946091206
0.8573466479999999,65,19,8.5,4,3.0,90,13.0,29.75,-304.3818155847151
0.941344778,64,26,14.4,4,9.0,93,15.0,29.73,-119.49027905718033
0.6838340490000001,64,26,14.4,4,7.0,90,17.0,29.75,-119.49027905718033
0.426323319,64,26,14.4,4,8.0,90,8.0,29.79,936.8775333047902
0.1688125889999999,64,26,14.4,3,10.0,81,13.0,29.84,12923.186466020852
0.08869814,64,26,14.4,2,10.0,66,16.0,29.86,23249.399097378824
0.34620887,64,26,14.4,2,10.0,70,15.0,29.88,7639.3895417809845
0.6037195989999999,64,26,14.4,1,10.0,81,14.0,29.91,-253.4090928703319
0.8612303290000001,64,26,14.4,2,10.0,84,18.0,29.95,-253.4090928703319
0.944045911,65,28,11.1,1,10.0,81,15.0,29.96,-55.56495959882495
0.68579627,65,28,11.1,1,10.0,84,10.0,29.96,-60.52352714440807
0.427546628,65,28,11.1,2,10.0,81,8.0,29.99,2094.3452393569996
0.1692969869999999,65,28,11.1,3,10.0,57,7.0,30.01,18301.163238909296
0.088952654,65,28,11.1,3,10.0,55,15.0,30.0,20691.108521084363
0.347202296,65,28,11.1,3,10.0,61,11.0,29.99,8981.888095286813
0.605451937,65,28,11.1,1,10.0,81,15.0,30.01,-55.56495959882495
0.863701578,65,28,11.1,2,10.0,87,14.0,30.03,-55.56495959882495
0.948126801,66,28,10.5,4,10.0,93,7.0,30.04,-43.108741670715254
0.688760807,66,28,10.5,4,10.0,90,0.0,30.05,-40.481815478923444
0.429394813,66,28,10.5,4,9.0,84,5.0,30.07,1555.609465104859
0.170028818,66,28,10.5,1,9.0,73,5.0,30.1,20113.581381073996
0.0893371759999999,66,28,10.5,0,10.0,59,3.0,30.05,22509.3416183355
0.34870317,66,28,10.5,1,10.0,70,22.0,30.05,9328.845785991438
0.608069164,66,28,10.5,1,10.0,93,22.0,30.07,125.91305438107108
0.867435159,66,28,10.5,3,10.0,93,21.0,30.1,-20.519355935521553
0.949421965,65,28,10.2,2,10.0,93,14.0,30.12,-32.6105044489405
0.689306358,65,28,10.2,1,10.0,96,7.0,30.12,-67.67659245802795
0.429190751,65,28,10.2,3,10.0,96,0.0,30.16,2241.485845100365
0.169075145,65,28,10.2,2,7.0,81,3.0,30.17,19290.500018153107
0.0910404619999999,65,28,10.2,0,9.0,71,3.0,30.11,19473.764340285943
0.3511560689999999,65,28,10.2,0,10.0,55,22.0,30.07,9972.125567054687
0.611271676,65,28,10.2,0,10.0,73,16.0,30.06,154.64632764473703
0.871387283,65,28,10.2,0,10.0,81,11.0,30.05,-38.00633297950878
0.953555878,66,27,12.6,0,10.0,84,7.0,30.03,-109.15285813228503
0.692307692,66,27,12.6,1,10.0,83,0.0,30.01,-109.15285813228503
0.431059507,66,27,12.6,0,9.0,90,3.0,30.02,2045.7159083691229
0.169811321,66,27,12.6,0,9.0,76,3.0,30.01,20130.504674430125
0.091436865,66,27,12.6,0,10.0,55,24.0,29.95,24565.976836120586
0.352685051,66,27,12.6,1,10.0,61,25.0,29.92,8821.587420238391
0.613933237,66,27,12.6,0,10.0,72,9.0,29.9,-58.187485383365164
0.875181422,66,27,12.6,0,10.0,78,23.0,29.91,172.39165069415102
0.956331878,62,27,14.6,0,10.0,83,15.0,29.91,-170.5002964011257
0.6943231440000001,62,27,14.6,0,10.0,80,13.0,29.92,-170.5002964011257
0.43231441,62,27,14.6,1,10.0,75,9.0,29.96,2208.009896309019
0.170305677,62,27,14.6,0,10.0,47,5.0,30.0,22142.127865869526
0.0917030569999999,62,27,14.6,0,10.0,36,16.0,29.97,24873.4380181487
0.35371179,62,27,14.6,0,10.0,50,26.0,29.94,9259.02098103074
0.615720524,62,27,14.6,0,10.0,67,20.0,29.95,50.14602000954293
0.877729258,62,27,14.6,0,10.0,67,11.0,29.97,141.28028640503248
0.959124088,57,29,17.6,0,10.0,69,16.0,29.98,268.3441453991843
0.696350365,57,29,17.6,0,10.0,69,11.0,29.98,268.3441453991843
0.433576642,57,29,17.6,1,10.0,59,13.0,29.99,4886.883663784263
0.17080292,57,29,17.6,1,10.0,42,17.0,30.0,23691.08104616247
0.091970803,57,29,17.6,1,10.0,46,26.0,29.94,26875.83947382084
0.354744526,57,29,17.6,2,10.0,46,29.0,29.91,9024.99718038541
0.617518248,57,29,17.6,0,10.0,64,18.0,29.92,233.5918265291068
0.8802919709999999,57,29,17.6,0,10.0,46,13.0,29.93,748.7228106649467
0.961876833,61,31,14.6,0,10.0,32,14.0,29.92,-731.5210002927572
0.697947214,61,31,14.6,0,10.0,36,14.0,29.93,761.094177435221
0.434017595,61,31,14.6,0,10.0,34,10.0,29.97,-4074.927261070461
0.170087977,61,31,14.6,0,10.0,34,20.0,29.98,7320.12226484037
0.0938416419999999,61,31,14.6,1,10.0,28,20.0,29.96,24015.71580793649
0.357771261,61,31,14.6,0,10.0,35,21.0,29.95,2602.395760267819
0.62170088,61,31,14.6,0,10.0,42,10.0,30.0,578.9065895115456
0.885630499,61,31,14.6,0,10.0,25,9.0,30.04,1486.6012015282365
0.964705882,63,32,13.4,0,10.0,39,15.0,30.09,985.4420731584913
0.7,63,32,13.4,0,10.0,41,13.0,30.1,1121.3978383042709
0.4352941179999999,63,32,13.4,0,10.0,34,9.0,30.15,1824.3212648930494
0.170588235,63,32,13.4,0,10.0,29,20.0,30.17,23269.572014229732
0.094117647,63,32,13.4,0,10.0,25,14.0,30.15,26349.041744101047
0.358823529,63,32,13.4,0,10.0,29,17.0,30.13,10105.768293972935
0.623529412,63,32,13.4,0,10.0,46,11.0,30.16,1195.787552068411
0.888235294,63,32,13.4,1,10.0,27,7.0,30.19,2009.202182347855
0.968980798,64,28,6.4,1,10.0,21,0.0,30.21,4081.512975958177
0.70310192,64,28,6.4,0,10.0,49,5.0,30.22,1555.202488558702
0.437223043,64,28,6.4,0,10.0,49,0.0,30.26,6247.601144161924
0.171344165,64,28,6.4,0,10.0,21,0.0,30.27,25702.207627802636
0.0945347119999999,64,28,6.4,0,10.0,14,5.0,30.22,27310.303616753194
0.360413589,64,28,6.4,0,10.0,18,18.0,30.19,12360.237353108781
0.6262924670000001,64,28,6.4,0,10.0,26,13.0,30.2,4160.433835030912
0.8921713440000001,64,28,6.4,0,10.0,62,7.0,30.2,1253.5837820597592
0.971851852,65,29,4.9,0,10.0,75,0.0,30.18,86.71995111978246
0.705185185,65,29,4.9,0,10.0,61,3.0,30.16,1030.5324386392867
0.438518519,65,29,4.9,0,10.0,75,0.0,30.18,2930.9398227054553
0.171851852,65,29,4.9,0,10.0,63,5.0,30.18,20916.98209453563
0.094814815,65,29,4.9,0,10.0,36,0.0,30.1,22598.201764252575
0.361481481,65,29,4.9,1,10.0,31,14.0,30.05,11998.489331775678
0.628148148,65,29,4.9,0,10.0,40,14.0,30.03,775.6475057033393
0.894814815,65,29,4.9,0,10.0,72,9.0,30.04,154.58953160785717
0.974702381,68,29,6.4,0,10.0,75,7.0,30.04,13.901581867435052
0.706845238,68,29,6.4,0,10.0,66,3.0,30.04,135.3800709530925
0.438988095,68,29,6.4,0,10.0,80,3.0,30.06,2764.217785386836
0.171130952,68,29,6.4,0,10.0,65,6.0,30.08,21666.830789164233
0.09672619,68,29,6.4,1,10.0,40,0.0,30.03,22497.123308376915
0.3645833329999999,68,29,6.4,1,10.0,34,18.0,30.0,7668.353231577619
0.632440476,68,29,6.4,1,10.0,58,11.0,30.01,-63.861694580738785
0.900297619,68,29,6.4,0,10.0,70,7.0,30.03,165.93491274511706
0.97761194,69,29,4.1,0,10.0,67,3.0,30.03,291.30190237693495
0.7089552240000001,69,29,4.1,0,10.0,64,3.0,30.03,310.66978039525617
0.440298507,69,29,4.1,1,10.0,72,0.0,30.06,3850.1316496155946
0.171641791,69,29,4.1,0,10.0,70,3.0,30.08,20609.727225573515
0.097014925,69,29,4.1,0,10.0,54,0.0,30.03,21574.026913501268
0.365671642,69,29,4.1,0,10.0,24,15.0,30.0,11301.019687537013
0.634328358,69,29,4.1,0,10.0,28,14.0,30.01,3146.3718091382348
0.902985075,69,29,4.1,0,10.0,42,0.0,30.03,-276.7625596115664
0.980538922,70,31,4.4,0,10.0,52,0.0,30.03,-232.48036631093044
0.7110778440000001,70,31,4.4,1,10.0,69,0.0,30.03,254.28783286984412
0.441616766,70,31,4.4,2,10.0,81,0.0,30.05,2852.5707055115627
0.1721556889999999,70,31,4.4,3,10.0,66,3.0,30.06,18129.37792765339
0.097305389,70,31,4.4,1,10.0,61,5.0,30.0,22898.69582975538
0.366766467,70,31,4.4,1,10.0,24,11.0,29.96,7378.551444161543
0.636227545,70,31,4.4,0,10.0,35,9.0,29.97,-419.5096224548258
0.905688623,70,31,4.4,0,10.0,48,3.0,29.99,-232.48036631093044
0.984962406,59,29,10.3,1,10.0,62,10.0,29.99,421.0338230945394
0.7142857140000001,59,29,10.3,2,10.0,75,5.0,30.0,-79.24309189197916
0.443609023,59,29,10.3,2,10.0,90,10.0,30.02,2094.3452393569996
0.172932331,59,29,10.3,2,10.0,68,6.0,30.07,20799.29650901626
0.097744361,59,29,10.3,2,10.0,59,13.0,30.02,23445.363172879453
0.3684210529999999,59,29,10.3,2,10.0,70,17.0,30.01,6514.284005222603
0.639097744,59,29,10.3,2,10.0,83,11.0,30.03,-55.56495959882495
0.909774436,59,29,10.3,2,10.0,83,8.0,30.06,-42.9649005250919
0.986445783,56,27,11.5,3,10.0,83,0.0,30.05,-114.2450915901264
0.715361446,56,27,11.5,4,10.0,83,7.0,30.05,-93.74563459387254
0.444277108,56,27,11.5,4,10.0,83,3.0,30.08,1163.6580011006
0.173192771,56,27,11.5,2,10.0,72,8.0,30.1,20347.911283243786
0.097891566,56,27,11.5,2,10.0,72,21.0,30.05,22289.850388524
0.3689759039999999,56,27,11.5,3,10.0,83,18.0,30.05,3814.82243260789
0.640060241,56,27,11.5,4,10.0,86,15.0,30.08,-58.67954658478511
0.911144578,56,27,11.5,4,10.0,83,10.0,30.1,-38.28860454034998
0.987915408,58,27,13.3,3,10.0,83,14.0,30.12,-53.829493991020726
0.716012085,58,27,13.3,4,10.0,80,14.0,30.13,-33.33003699476687
0.444108761,58,27,13.3,3,10.0,80,9.0,30.17,2271.593365563869
0.172205438,58,27,13.3,1,10.0,67,11.0,30.2,21459.557448507672
0.099697885,58,27,13.3,2,10.0,58,16.0,30.17,25509.8747606764
0.3716012079999999,58,27,13.3,2,10.0,70,17.0,30.16,6921.479220211608
0.643504532,58,27,13.3,2,10.0,80,15.0,30.17,-32.6105044489405
0.915407855,58,27,13.3,1,10.0,90,8.0,30.18,-37.56907199452362
0.992412747,64,28,4.0,0,10.0,86,3.0,30.17,81.91914491914379
0.7192716240000001,64,28,4.0,0,10.0,86,3.0,30.17,81.91914491914379
0.446130501,64,28,4.0,3,10.0,86,0.0,30.19,2819.777388420606
0.172989378,64,28,4.0,1,10.0,75,0.0,30.2,20751.041564767416
0.100151745,64,28,4.0,1,10.0,46,3.0,30.13,24151.752392149992
0.3732928679999999,64,28,4.0,1,10.0,46,14.0,30.08,8627.766972927464
0.646433991,64,28,4.0,0,10.0,45,13.0,30.07,1257.6873914596865
0.919575114,64,28,4.0,0,10.0,65,3.0,30.08,230.02540838658575
0.99543379,68,14,2.7,0,10.0,62,0.0,30.08,429.53964693536994
0.7214611870000001,68,14,2.7,0,10.0,67,0.0,30.07,73.66892357340497
0.4474885839999999,68,14,2.7,0,10.0,34,8.0,30.08,4539.67639508144
0.1735159819999999,68,14,2.7,0,10.0,21,7.0,30.09,25354.968839885198
0.100456621,68,14,2.7,0,10.0,17,0.0,30.04,23255.999197028435
0.374429224,68,14,2.7,0,10.0,21,0.0,30.02,9520.054529114108
0.6484018260000001,68,14,2.7,0,10.0,28,0.0,30.03,3258.7879104392246
0.922374429,68,14,2.7,0,10.0,57,0.0,30.05,60.17146921697871
0.998473282,69,31,4.3,0,10.0,58,0.0,30.05,-146.94285777910767
0.7236641220000001,69,31,4.3,0,10.0,62,0.0,30.02,135.7716655918622
0.448854962,69,31,4.3,0,10.0,65,5.0,30.04,4718.588135677173
0.174045802,69,31,4.3,0,10.0,63,5.0,30.06,21945.57599865917
0.100763359,69,31,4.3,0,10.0,64,3.0,30.0,22726.457557792783
0.375572519,69,31,4.3,0,10.0,26,11.0,29.97,7378.551444161543
0.650381679,69,31,4.3,0,10.0,25,11.0,29.98,858.680080163358
0.92519084,69,31,4.3,0,10.0,43,0.0,30.0,-276.7625596115664
1.001531394,68,29,4.9,0,10.0,67,5.0,30.01,206.50997777707954
0.7258805509999999,68,29,4.9,0,10.0,51,0.0,30.0,-280.0026489269925
0.450229709,68,29,4.9,2,10.0,75,3.0,30.02,2712.1732210521573
0.174578867,68,29,4.9,1,10.0,70,5.0,30.05,19144.28665647808
0.101071975,68,29,4.9,1,10.0,53,3.0,30.0,15593.891319460117
0.3767228179999999,68,29,4.9,1,10.0,33,7.0,29.96,7252.108302472747
0.65237366,68,29,4.9,0,10.0,43,13.0,29.99,-106.86741421750297
0.928024502,68,29,4.9,0,10.0,58,0.0,30.02,-307.8256475294966
1.006153846,68,29,4.6,0,10.0,56,3.0,30.03,-260.3033649134347
0.7292307690000001,68,29,4.6,0,10.0,62,0.0,30.02,98.50202360806884
0.452307692,68,29,4.6,0,8.0,80,0.0,30.05,2815.3010635277697
0.175384615,68,29,4.6,0,10.0,68,7.0,30.06,20912.137138562462
0.101538462,68,29,4.6,0,10.0,61,3.0,30.01,21092.959564835823
0.378461538,68,29,4.6,0,10.0,28,6.0,29.98,7299.630585088808
0.655384615,68,29,4.6,0,10.0,49,6.0,29.99,-93.98379737353987
0.932307692,68,29,4.6,0,10.0,52,7.0,30.02,-93.98379737353987
1.009259259,60,29,11.3,0,9.0,83,11.0,30.04,-40.6332591713006
0.731481481,60,29,11.3,1,8.0,93,9.0,30.05,-42.9649005250919
0.453703704,60,29,11.3,1,9.0,96,6.0,30.08,2257.309006111877
0.175925926,60,29,11.3,1,10.0,70,0.0,30.1,20465.01278257409
0.1018518519999999,60,29,11.3,1,10.0,59,14.0,30.05,24193.4742023636
0.37962963,60,29,11.3,1,9.0,78,15.0,30.03,4010.820610729703
0.657407407,60,29,11.3,1,6.0,93,17.0,30.08,-38.00633297950878
0.935185185,60,29,11.3,1,8.0,93,15.0,30.13,-32.6105044489405
1.013953488,55,29,9.0,1,9.0,93,8.0,30.16,-37.56907199452362
0.734883721,55,29,9.0,3,7.0,93,0.0,30.15,-88.89558200010818
0.455813953,55,29,9.0,4,4.0,90,6.0,30.19,1189.007510690618
0.176744186,55,29,9.0,4,3.0,87,3.0,30.2,11471.123962204469
0.102325581,55,29,9.0,3,7.0,78,17.0,30.17,14902.795481575258
0.381395349,55,29,9.0,3,10.0,78,15.0,30.14,4396.796836176625
0.660465116,55,29,9.0,3,10.0,93,15.0,30.16,-53.829493991020726
0.939534884,55,29,9.0,2,10.0,90,14.0,30.18,-32.6105044489405
1.0155521,58,29,10.4,2,10.0,96,14.0,30.18,-32.6105044489405
0.7356143079999999,58,29,10.4,1,10.0,100,9.0,30.19,-37.56907199452362
0.455676516,58,29,10.4,3,10.0,96,5.0,30.22,2241.485845100365
0.175738725,58,29,10.4,4,2.0,93,0.0,30.22,11471.123962204469
0.1041990669999999,58,29,10.4,1,10.0,72,20.0,30.17,20259.986035876285
0.3841368579999999,58,29,10.4,1,10.0,65,15.0,30.14,7578.935735511189
0.66407465,58,29,10.4,1,10.0,90,17.0,30.14,-32.6105044489405
0.944012442,58,29,10.4,1,10.0,93,10.0,30.14,-37.56907199452362
1.018720749,56,30,8.3,1,10.0,96,8.0,30.1,-37.56907199452362
0.737909516,56,30,8.3,1,10.0,100,7.0,30.06,-73.07242098859622
0.4570982839999999,56,30,8.3,1,7.0,100,9.0,30.08,2287.416526575381
0.176287051,56,30,8.3,3,7.0,83,3.0,30.07,15096.691215755909
0.104524181,56,30,8.3,3,8.0,78,5.0,29.99,14486.318907988394
0.3853354129999999,56,30,8.3,2,10.0,70,9.0,29.94,5676.32861802651
0.6661466460000001,56,30,8.3,2,10.0,90,11.0,29.94,97.93999196415007
0.946957878,56,30,8.3,2,10.0,93,9.0,29.96,-60.52352714440807
1.021909233,59,16,8.6,3,10.0,83,3.0,29.93,-494.5857069490343
0.740219092,59,16,8.6,3,10.0,90,5.0,29.87,-501.0009777361085
0.458528951,59,16,8.6,3,7.0,86,0.0,29.85,1408.2824638558934
0.176838811,59,16,8.6,4,7.0,84,0.0,29.9,4066.86810476577
0.10485133,59,16,8.6,4,9.0,68,17.0,29.87,4407.16466752426
0.386541471,59,16,8.6,4,7.0,84,8.0,29.88,260.6404261980747
0.668231612,59,16,8.6,4,10.0,75,0.0,29.94,-350.6979884980476
0.949921753,59,16,8.6,3,10.0,70,23.0,29.93,118.31865020791292
1.025117739,65,15,13.0,3,10.0,63,13.0,30.0,3.026371127542898
0.7425431709999999,65,15,13.0,4,10.0,84,15.0,30.03,-293.0079772520578
0.459968603,65,15,13.0,4,6.0,90,6.0,30.09,1578.0727666808768
0.177394035,65,15,13.0,4,9.0,87,6.0,30.13,4895.05802292919
0.105180534,65,15,13.0,3,10.0,61,18.0,30.1,19418.10702601596
0.387755102,65,15,13.0,4,10.0,57,15.0,30.08,6554.238944474652
0.67032967,65,15,13.0,3,10.0,59,21.0,30.08,770.0539640575225
0.952904239,65,15,13.0,3,10.0,78,11.0,30.06,-245.75933024470868
1.029968454,63,16,12.8,3,10.0,75,9.0,30.03,-341.08992503079713
0.746056782,63,16,12.8,4,10.0,84,7.0,29.99,-328.0740652611453
0.46214511,63,16,12.8,4,4.0,90,14.0,29.97,1309.6858355114873
0.178233438,63,16,12.8,4,3.0,87,15.0,29.99,4832.95304924192
0.105678233,63,16,12.8,4,4.0,90,15.0,29.93,3472.052929752271
0.389589905,63,16,12.8,4,3.0,87,15.0,29.88,978.6860451875937
0.673501577,63,16,12.8,4,9.0,87,14.0,29.9,-304.3818155847151
0.957413249,63,16,12.8,4,10.0,93,9.0,29.93,-297.96654479764095
0.938291139,62,23,8.1,4,10.0,90,9.0,29.93,-113.0750082701062
0.6534810129999999,62,23,8.1,3,10.0,90,5.0,29.96,-163.68198572986444
0.368670886,62,23,8.1,2,10.0,90,9.0,30.02,2522.236560485357
0.083860759,62,23,8.1,3,10.0,78,0.0,30.07,10391.898895826887
0.200949367,62,23,8.1,3,10.0,68,14.0,30.07,13673.795886762084
0.4857594939999999,62,23,8.1,2,10.0,73,13.0,30.06,2589.932958748476
0.77056962,62,23,8.1,3,10.0,87,3.0,30.06,-114.2450915901264
1.055379747,62,23,8.1,2,10.0,83,5.0,30.07,-93.02610204804618
0.941269841,58,20,10.6,2,10.0,86,0.0,30.06,-277.91763857558095
0.655555556,58,20,10.6,3,10.0,90,3.0,30.02,-348.5735222573991
0.36984127,58,20,10.6,3,10.0,83,5.0,29.99,2109.760696453354
0.084126984,58,20,10.6,3,10.0,78,7.0,29.96,8449.92920029538
0.201587302,58,20,10.6,3,10.0,72,20.0,29.86,9564.157977164157
0.487301587,58,20,10.6,4,3.0,90,21.0,29.75,1298.31199717883
0.773015873,58,20,10.6,3,10.0,87,13.0,29.85,-470.8934572726043
1.058730159,58,20,10.6,2,10.0,86,11.0,29.94,-438.30062939786677
0.944267516,55,29,13.3,3,10.0,80,9.0,29.98,-81.74251668648832
0.657643312,55,29,13.3,3,10.0,83,5.0,30.01,-111.85003714999263
0.371019108,55,29,13.3,2,10.0,80,11.0,30.06,3239.4312083925524
0.084394904,55,29,13.3,3,10.0,69,13.0,30.13,16730.99600543477
0.2022292989999999,55,29,13.3,3,10.0,55,18.0,30.12,18909.305301145865
0.4888535029999999,55,29,13.3,3,10.0,64,22.0,30.13,4172.880020437767
0.7754777070000001,55,29,13.3,1,10.0,72,16.0,30.17,160.04215617530525
1.0621019109999998,55,29,13.3,1,10.0,74,11.0,30.19,19.712584367760176
0.947284345,53,30,3.8,0,10.0,74,6.0,30.22,134.24223373584442
0.659744409,53,30,3.8,0,10.0,83,0.0,30.22,81.91914491914379
0.372204473,53,30,3.8,2,10.0,89,3.0,30.23,3707.6519634622205
0.084664537,53,30,3.8,3,10.0,67,3.0,30.27,16455.977594287153
0.2028753989999999,53,30,3.8,3,10.0,56,5.0,30.25,19487.87728267951
0.490415335,53,30,3.8,4,10.0,52,8.0,30.25,4600.196378490177
0.777955272,53,30,3.8,4,10.0,58,7.0,30.25,1058.6034194308274
1.065495208,53,30,3.8,4,10.0,62,0.0,30.27,784.8077115343884
0.950320513,60,30,4.6,3,10.0,62,3.0,30.28,1139.336343439908
0.6618589739999999,60,30,4.6,2,10.0,72,0.0,30.29,274.5718055433895
0.373397436,60,30,4.6,1,10.0,80,5.0,30.33,3707.6519634622205
0.084935897,60,30,4.6,0,10.0,62,8.0,30.35,23728.433873197195
0.203525641,60,30,4.6,1,10.0,54,0.0,30.3,23162.592789865404
0.491987179,60,30,4.6,0,10.0,63,14.0,30.26,4633.242983795519
0.7804487179999999,60,30,4.6,0,10.0,78,7.0,30.26,134.24223373584442
1.068910256,60,30,4.6,0,10.0,93,5.0,30.26,81.91914491914379
0.953376206,62,30,5.2,0,10.0,86,0.0,30.24,16.095812990736942
0.663987138,62,30,5.2,0,10.0,90,0.0,30.24,16.095812990736942
0.374598071,62,30,5.2,1,9.0,96,0.0,30.22,3807.6827848567777
0.085209003,62,30,5.2,0,9.0,84,3.0,30.22,18758.62880526625
0.204180064,62,30,5.2,0,10.0,75,0.0,30.16,21099.87750644812
0.493569132,62,30,5.2,1,10.0,55,11.0,30.11,5508.032889747429
0.7829581990000001,62,30,5.2,1,10.0,87,15.0,30.12,125.12419252697605
1.072347267,62,30,5.2,0,10.0,87,7.0,30.11,16.095812990736942
0.956521739,58,27,10.2,1,10.0,90,10.0,30.11,-37.56907199452362
0.666666667,58,27,10.2,1,10.0,90,9.0,30.08,-62.91858158454186
0.3768115939999999,58,27,10.2,3,10.0,93,0.0,30.06,3163.1924497819355
0.086956522,58,27,10.2,4,10.0,81,7.0,30.06,8485.08636579926
0.202898551,58,27,10.2,4,10.0,84,9.0,29.98,8580.520437862606
0.492753623,58,27,10.2,4,6.0,93,10.0,29.93,1489.618804493439
0.7826086959999999,58,27,10.2,4,5.0,93,16.0,29.91,-108.11644072452307
1.072463768,58,27,10.2,3,10.0,86,15.0,29.88,-231.12400244892376
0.959612278,57,28,19.3,3,10.0,83,23.0,29.87,198.24801919213473
0.668820679,57,28,19.3,3,10.0,83,24.0,29.85,198.24801919213473
0.378029079,57,28,19.3,2,10.0,83,21.0,29.86,3003.617706959382
0.08723748,57,28,19.3,2,10.0,75,14.0,29.88,22452.02590084889
0.20355412,57,28,19.3,2,10.0,70,20.0,29.87,20280.67385822691
0.4943457189999999,57,28,19.3,3,10.0,78,15.0,29.87,1652.9834175616882
0.785137318,57,28,19.3,2,10.0,83,15.0,29.91,-6.422367899883312
1.075928918,57,28,19.3,2,10.0,83,25.0,29.96,321.97511346236195
0.962722853,55,28,8.5,1,10.0,86,11.0,29.98,18.397331928326768
0.670988655,55,28,8.5,1,10.0,90,5.0,30.02,-90.63104760791241
0.379254457,55,28,8.5,3,10.0,90,9.0,30.07,3213.2536513048894
0.087520259,55,28,8.5,3,10.0,72,9.0,30.09,15565.883738829158
0.204213938,55,28,8.5,3,10.0,65,14.0,30.06,18194.90433988028
0.495948136,55,28,8.5,3,10.0,70,9.0,30.07,3169.684184647915
0.7876823340000001,55,28,8.5,3,10.0,78,9.0,30.09,-6.464972719903161
1.079416532,55,28,8.5,3,10.0,83,9.0,30.13,-58.78806153660385
0.965853659,57,28,10.2,3,10.0,90,9.0,30.16,-58.78806153660385
0.673170732,57,28,10.2,4,10.0,96,7.0,30.17,-68.39612500385431
0.380487805,57,28,10.2,3,10.0,86,7.0,30.21,3188.541959371954
0.087804878,57,28,10.2,3,10.0,75,10.0,30.27,15368.762666177932
0.2048780489999999,57,28,10.2,3,10.0,72,10.0,30.24,15964.727362573729
0.497560976,57,28,10.2,3,10.0,72,15.0,30.24,2520.101187269262
0.790243902,57,28,10.2,3,10.0,72,11.0,30.27,138.82316663322507
1.082926829,57,28,10.2,3,10.0,80,10.0,30.27,-58.78806153660385
0.969004894,60,28,5.9,4,8.0,93,6.0,30.28,15.37628044491046
0.675367047,60,28,5.9,4,10.0,96,8.0,30.27,45.483800908414786
0.381729201,60,28,5.9,4,9.0,87,0.0,30.3,2277.8620830057343
0.088091354,60,28,5.9,4,9.0,87,5.0,30.32,11481.149109849484
0.205546493,60,28,5.9,3,9.0,84,3.0,30.26,15437.74732537982
0.499184339,60,28,5.9,3,9.0,87,16.0,30.21,2850.554065339837
0.792822186,60,28,5.9,3,10.0,93,8.0,30.21,24.984343912160973
1.086460033,60,28,5.9,2,10.0,93,0.0,30.23,16.095812990736942
0.972176759,60,28,6.0,1,10.0,93,0.0,30.23,16.095812990736942
0.6775777409999999,60,28,6.0,2,10.0,96,0.0,30.22,16.095812990736942
0.3829787229999999,60,28,6.0,1,10.0,96,0.0,30.22,3807.6827848567777
0.088379705,60,28,6.0,1,9.0,93,5.0,30.23,19208.014506429412
0.206219313,60,28,6.0,1,10.0,63,9.0,30.16,22714.298989656396
0.5008183310000001,60,28,6.0,1,10.0,75,20.0,30.11,3115.745362207623
0.795417349,60,28,6.0,0,10.0,78,10.0,30.1,290.1756407799469
1.090016367,60,28,6.0,0,10.0,87,8.0,30.1,46.20333345424121
0.973770492,66,10,6.5,0,10.0,90,3.0,30.1,-121.20120080401801
0.678688525,66,10,6.5,0,10.0,93,0.0,30.08,-199.70466524369107
0.383606557,66,10,6.5,0,10.0,86,0.0,30.12,3069.6690549168698
0.08852459,66,10,6.5,0,10.0,52,7.0,30.14,22734.473740356123
0.206557377,66,10,6.5,0,10.0,40,6.0,30.07,21168.398421169313
0.501639344,66,10,6.5,1,10.0,27,7.0,30.04,7149.622866875127
0.796721311,66,10,6.5,0,10.0,38,9.0,30.06,371.23226683396024
1.091803279,66,10,6.5,1,10.0,47,9.0,30.08,347.9356202558313
0.978583196,69,14,5.0,1,10.0,45,11.0,30.1,1378.3835097478104
0.6820428340000001,69,14,5.0,1,10.0,54,8.0,30.1,1346.0293658367118
0.385502471,69,14,5.0,1,10.0,54,8.0,30.12,8116.455764572906
0.088962109,69,14,5.0,0,10.0,30,7.0,30.14,26590.003740767963
0.207578254,69,14,5.0,0,10.0,39,3.0,30.08,21209.534057684064
0.504118616,69,14,5.0,1,10.0,27,0.0,30.05,7451.180766153375
0.800658979,69,14,5.0,1,10.0,38,0.0,30.07,308.1596545424817
1.097199341,69,14,5.0,0,10.0,48,3.0,30.07,254.7554875008484
0.983471074,63,5,2.0,0,10.0,75,0.0,30.08,-163.6203152943911
0.6859504129999999,63,5,2.0,1,10.0,90,0.0,30.06,-181.93152515825625
0.388429752,63,5,2.0,0,10.0,90,0.0,30.09,3141.051818962151
0.090909091,63,5,2.0,0,8.0,78,3.0,30.11,9888.890665093662
0.20661157,63,5,2.0,1,8.0,73,8.0,30.06,13153.933165656877
0.504132231,63,5,2.0,1,6.0,50,0.0,30.04,4665.7036395867935
0.801652893,63,5,2.0,1,10.0,68,3.0,30.06,2.172840059398524
1.099173554,63,5,2.0,2,9.0,75,0.0,30.09,-31.507226894871124
0.985099338,64,9,1.2,1,8.0,83,0.0,30.1,-102.35410405714136
0.687086093,64,9,1.2,0,7.0,87,0.0,30.11,-102.35410405714136
0.3890728479999999,64,9,1.2,1,6.0,90,3.0,30.13,1352.3883090132413
0.091059603,64,9,1.2,1,6.0,78,3.0,30.15,5950.028167305951
0.206953642,64,9,1.2,1,7.0,70,3.0,30.11,7529.467209328692
0.504966887,64,9,1.2,2,10.0,49,0.0,30.08,3038.0461465227827
0.8029801320000001,64,9,1.2,1,10.0,70,0.0,30.09,116.23227516742934
1.100993377,64,9,1.2,1,10.0,78,0.0,30.11,-84.04289419327624
0.988372093,57,29,9.3,1,10.0,81,0.0,30.11,-67.67659245802795
0.6893687709999999,57,29,9.3,0,10.0,86,6.0,30.12,-67.67659245802795
0.390365449,57,29,9.3,1,10.0,93,7.0,30.14,3209.760948914034
0.091362126,57,29,9.3,0,9.0,81,0.0,30.17,18885.012879534843
0.207641196,57,29,9.3,1,9.0,75,18.0,30.12,20274.016485712196
0.506644518,57,29,9.3,1,9.0,83,16.0,30.09,2119.488398639969
0.805647841,57,29,9.3,1,6.0,96,13.0,30.1,-32.6105044489405
1.104651163,57,29,9.3,1,7.0,93,11.0,30.12,-32.6105044489405
0.991666667,54,27,5.7,2,7.0,93,6.0,30.13,16.095812990736942
0.691666667,54,27,5.7,4,8.0,86,5.0,30.14,15.37628044491046
0.391666667,54,27,5.7,4,6.0,86,7.0,30.14,2190.745561738424
0.091666667,54,27,5.7,4,8.0,86,5.0,30.16,11394.032588582175
0.208333333,54,27,5.7,4,9.0,83,9.0,30.14,10837.725458080848
0.5083333329999999,54,27,5.7,3,10.0,80,9.0,30.11,2963.282424776107
0.808333333,54,27,5.7,3,10.0,90,10.0,30.14,24.984343912160973
1.108333333,54,27,5.7,4,10.0,86,8.0,30.16,45.483800908414786
0.994991653,57,27,6.6,4,10.0,90,7.0,30.15,88.8738687919706
0.694490818,57,27,6.6,3,10.0,90,3.0,30.16,68.37441179571687
0.393989983,57,27,6.6,4,9.0,90,5.0,30.21,2098.3889967625196
0.093489149,57,27,6.6,4,8.0,87,5.0,30.25,11301.676023606273
0.207011686,57,27,6.6,3,10.0,78,11.0,30.22,16421.88123295412
0.507512521,57,27,6.6,2,10.0,72,14.0,30.2,3201.2482680773883
0.8080133559999999,57,27,6.6,0,10.0,78,10.0,30.21,172.02401061800208
1.10851419,57,27,6.6,0,10.0,69,3.0,30.21,342.19165951520307
0.998324958,55,28,6.6,0,10.0,83,3.0,30.2,89.59340133779709
0.69681742,55,28,6.6,0,10.0,83,0.0,30.16,89.59340133779709
0.395309883,55,28,6.6,1,10.0,80,3.0,30.16,3715.326219880874
0.093802345,55,28,6.6,1,10.0,60,5.0,30.15,24409.195241690235
0.207705193,55,28,6.6,1,10.0,37,0.0,30.11,23357.488489553067
0.50921273,55,28,6.6,1,10.0,60,11.0,30.08,4847.216320259224
0.810720268,55,28,6.6,0,10.0,83,22.0,30.1,288.1684566296347
1.112227806,55,28,6.6,0,10.0,83,8.0,30.11,119.70092180130132
1.0,54,28,6.0,2,10.0,77,0.0,30.09,260.06812031644256
0.697986577,54,28,6.0,0,10.0,83,5.0,30.08,10.699984460168672
0.395973154,54,28,6.0,2,10.0,83,0.0,30.12,3765.4012177140967
0.0939597319999999,54,28,6.0,2,10.0,72,3.0,30.15,20400.554438035128
0.208053691,54,28,6.0,2,10.0,70,3.0,30.1,21021.46371129917
0.5100671139999999,54,28,6.0,3,10.0,67,14.0,30.07,4331.089755041536
0.812080537,54,28,6.0,4,9.0,96,20.0,30.08,119.00883145058135
1.11409396,54,28,6.0,1,8.0,100,0.0,30.09,16.095812990736942
1.003367003,56,17,4.0,0,10.0,93,5.0,30.07,-181.93152515825625
0.7003366999999999,56,17,4.0,0,9.0,89,6.0,30.04,-216.43671887046986
0.397306397,56,17,4.0,1,9.0,96,5.0,30.04,2772.2499383485147
0.094276094,56,17,4.0,1,8.0,72,7.0,30.06,13851.489299179635
0.208754209,56,17,4.0,1,10.0,56,0.0,30.01,21760.420246239115
0.5117845120000001,56,17,4.0,1,10.0,50,0.0,29.99,4543.728562579742
0.814814815,56,17,4.0,1,10.0,78,0.0,30.01,-253.9923425348967
1.117845118,56,17,4.0,0,10.0,77,0.0,30.05,-204.55544839515858
1.006745363,54,15,2.7,1,10.0,86,0.0,30.05,-181.93152515825625
0.703204047,54,15,2.7,0,9.0,89,5.0,30.05,-181.93152515825625
0.399662732,54,15,2.7,2,5.0,89,3.0,30.06,2966.65716341995
0.0961214169999999,54,15,2.7,3,3.0,83,6.0,30.07,6595.870415194295
0.207419899,54,15,2.7,3,4.0,80,5.0,30.03,10077.859554204193
0.5109612139999999,54,15,2.7,3,7.0,62,3.0,30.0,4273.019134361479
0.81450253,54,15,2.7,3,10.0,67,0.0,30.01,-37.92209320918096
1.118043845,54,15,2.7,3,10.0,78,0.0,30.0,-275.21133207697693
1.008445946,55,36,3.3,3,9.0,77,0.0,30.01,-4.475968016734698
0.7043918920000001,55,36,3.3,3,10.0,83,0.0,30.03,-15.863923732667903
0.4003378379999999,55,36,3.3,3,8.0,83,0.0,30.04,3422.6169967360306
0.096283784,55,36,3.3,4,7.0,87,7.0,30.05,8883.933401326994
0.20777027,55,36,3.3,4,7.0,75,0.0,30.01,12447.84779072022
0.511824324,55,36,3.3,4,6.0,81,6.0,29.98,2113.9419968270317
0.815878378,55,36,3.3,3,10.0,75,0.0,29.96,-4.475968016734698
1.119932432,55,36,3.3,3,10.0,83,7.0,29.96,-15.863923732667903
1.011864407,55,34,2.1,3,10.0,80,3.0,29.94,63.67873630315535
0.7067796609999999,55,34,2.1,3,10.0,83,6.0,29.89,57.26346551608118
0.401694915,55,34,2.1,4,9.0,83,0.0,29.85,1388.8418851768397
0.096610169,55,34,2.1,4,9.0,78,0.0,29.88,7653.479659559606
0.208474576,55,34,2.1,4,4.0,90,0.0,29.88,10796.682355458932
0.513559322,55,34,2.1,4,6.0,86,0.0,29.89,2038.9830289249
0.818644068,55,34,2.1,3,9.0,90,0.0,29.92,63.67873630315535
1.123728814,55,34,2.1,4,8.0,90,0.0,29.95,4.635533263585922
1.015280136,56,29,7.2,3,9.0,93,0.0,29.98,-34.98057212622177
0.709677419,56,29,7.2,4,9.0,93,9.0,30.0,15.626405333536393
0.404074703,56,29,7.2,4,8.0,90,6.0,30.05,2050.7116010892687
0.098471986,56,29,7.2,2,8.0,87,7.0,30.1,19115.657941453508
0.20713073,56,29,7.2,4,9.0,80,11.0,30.09,10568.283959739652
0.512733447,56,29,7.2,3,10.0,78,11.0,30.11,2434.1444755391144
0.818336163,56,29,7.2,4,10.0,80,10.0,30.15,38.58086048342096
1.123938879,56,29,7.2,4,10.0,83,8.0,30.2,38.58086048342096
1.017006803,53,24,3.9,4,10.0,86,5.0,30.22,81.19961237331731
0.710884354,53,24,3.9,4,10.0,83,3.0,30.22,81.19961237331731
0.404761905,53,24,3.9,4,10.0,86,3.0,30.25,1789.828427877879
0.098639456,53,24,3.9,4,10.0,83,3.0,30.3,6919.9596827938985
0.207482993,53,24,3.9,4,10.0,83,5.0,30.24,8774.386586730667
0.513605442,53,24,3.9,4,7.0,78,3.0,30.2,2349.7981282374717
0.819727891,53,24,3.9,2,10.0,90,8.0,30.22,112.02666538264805
1.12585034,53,24,3.9,2,8.0,96,0.0,30.22,81.91914491914379
1.020477816,57,12,2.8,2,8.0,93,0.0,30.19,-49.81843675873623
0.71331058,57,12,2.8,4,4.0,96,5.0,30.17,-50.53796930456257
0.406143345,57,12,2.8,2,4.0,96,9.0,30.16,3128.877772282974
0.098976109,57,12,2.8,3,7.0,80,8.0,30.19,6727.983503593816
0.208191126,57,12,2.8,2,10.0,75,0.0,30.12,14998.126569641183
0.5153583620000001,57,12,2.8,1,10.0,54,0.0,30.1,4677.518732553204
0.822525597,57,12,2.8,0,10.0,70,0.0,30.11,168.76794246583432
1.129692833,57,12,2.8,0,10.0,72,3.0,30.15,108.82234491267384
1.023931624,55,7,2.3,0,10.0,80,0.0,30.17,-49.81843675873623
0.7162393159999999,55,7,2.3,0,8.0,90,3.0,30.15,-49.81843675873623
0.4085470089999999,55,7,2.3,2,4.0,93,3.0,30.14,3098.77025181947
0.1008547009999999,55,7,2.3,2,6.0,83,5.0,30.16,11414.24681127127
0.2068376069999999,55,7,2.3,2,8.0,75,6.0,30.12,15253.731662823986
0.514529915,55,7,2.3,2,6.0,75,0.0,30.09,2184.768200152583
0.8222222220000001,55,7,2.3,1,10.0,67,0.0,30.11,583.6232244544042
1.12991453,55,7,2.3,0,9.0,83,3.0,30.13,-49.81843675873623
1.025684932,53,28,6.9,0,6.0,93,0.0,30.13,9.192872565742991
0.7174657529999999,53,28,6.9,2,4.0,100,6.0,30.13,9.192872565742991
0.409246575,53,28,6.9,4,0.25,100,3.0,30.14,2056.107429619837
0.1010273969999999,53,28,6.9,4,3.0,96,7.0,30.18,6539.133040369022
0.207191781,53,28,6.9,4,4.0,86,9.0,30.14,10489.363100666918
0.515410959,53,28,6.9,4,6.0,80,11.0,30.13,2333.7771466036097
0.823630137,53,28,6.9,3,10.0,80,9.0,30.12,18.08140348716709
1.131849315,53,28,6.9,4,10.0,80,9.0,30.15,38.58086048342096
1.0274442540000002,56,28,6.9,4,10.0,83,9.0,30.16,38.58086048342096
0.718696398,56,28,6.9,4,10.0,86,11.0,30.17,117.50171955615579
0.409948542,56,28,6.9,4,7.0,96,8.0,30.18,2086.2149500833416
0.101200686,56,28,6.9,3,9.0,81,9.0,30.2,10146.16022842835
0.20754717,56,28,6.9,1,10.0,75,5.0,30.14,20677.512330261103
0.516295026,56,28,6.9,2,10.0,70,10.0,30.15,3337.3449917028797
0.825042882,56,28,6.9,1,10.0,86,5.0,30.16,9.192872565742991
1.133790738,56,28,6.9,0,10.0,90,0.0,30.19,9.192872565742991
1.030927835,53,33,3.7,0,8.0,90,5.0,30.17,81.91914491914379
0.721649485,53,33,3.7,4,5.0,93,0.0,30.18,81.19961237331731
0.412371134,53,33,3.7,4,0.0,100,0.0,30.2,2048.433173201184
0.103092784,53,33,3.7,4,1.5,100,3.0,30.2,10622.115296143396
0.206185567,53,33,3.7,3,5.0,80,5.0,30.12,15337.716503985264
0.515463918,53,33,3.7,4,6.0,69,3.0,30.1,3379.2442110469497
0.824742268,53,33,3.7,3,9.0,86,6.0,30.09,60.70015537706357
1.134020619,53,33,3.7,3,9.0,83,7.0,30.08,1.694702886648395
1.032702238,54,6,7.4,2,10.0,77,11.0,30.06,-73.7085841517058
0.7228915659999999,54,6,7.4,2,10.0,80,13.0,30.05,-92.0197940155709
0.413080895,54,6,7.4,4,5.0,80,13.0,30.06,1593.3601150761451
0.103270224,54,6,7.4,4,5.0,77,7.0,30.07,4313.308002645823
0.206540448,54,6,7.4,0,7.0,64,6.0,30.03,17999.99737886079
0.516351119,54,6,7.4,0,8.0,67,0.0,30.0,2834.1139278365054
0.82616179,54,6,7.4,0,8.0,83,5.0,30.02,-250.48506769154812
1.135972461,54,6,7.4,0,9.0,77,0.0,30.08,-182.73696368794492
1.036206897,54,15,3.5,0,10.0,83,5.0,30.11,-49.81843675873623
0.725862069,54,15,3.5,0,10.0,89,5.0,30.14,-49.81843675873623
0.415517241,54,15,3.5,1,6.0,86,6.0,30.17,2709.258796284806
0.105172414,54,15,3.5,1,6.0,72,6.0,30.23,13200.885552169344
0.205172414,54,15,3.5,1,9.0,56,0.0,30.18,22779.093531287515
0.515517241,54,15,3.5,3,10.0,46,0.0,30.16,4766.623353340269
0.825862069,54,15,3.5,2,10.0,55,0.0,30.19,1632.0723920569785
1.136206897,54,15,3.5,1,10.0,71,5.0,30.23,108.82234491267384
1.036206897,51,3,3.6,1,10.0,68,0.0,30.22,134.28592845891848
0.725862069,51,3,3.6,0,10.0,74,0.0,30.21,-31.507226894871124
0.415517241,51,3,3.6,1,10.0,86,0.0,30.24,2709.258796284806
0.105172414,51,3,3.6,1,8.0,77,7.0,30.26,13437.56558018693
0.205172414,51,3,3.6,1,7.0,62,0.0,30.21,22298.66766198831
0.515517241,51,3,3.6,1,8.0,72,3.0,30.18,2554.276889507257
0.825862069,51,3,3.6,1,9.0,77,3.0,30.17,-31.507226894871124
1.136206897,51,3,3.6,1,10.0,80,0.0,30.18,-49.81843675873623
1.037996546,50,27,6.6,2,8.0,86,6.0,30.17,89.59340133779709
0.727115717,50,27,6.6,2,5.0,89,6.0,30.16,89.59340133779709
0.4162348879999999,50,27,6.6,2,4.0,96,6.0,30.13,2848.6706343813394
0.105354059,50,27,6.6,4,2.5,86,0.0,30.15,7630.091971757129
0.20552677,50,27,6.6,4,6.0,80,11.0,30.1,10568.283959739652
0.516407599,50,27,6.6,4,10.0,74,10.0,30.08,2591.40951307674
0.827288428,50,27,6.6,4,10.0,80,8.0,30.06,93.63187966545671
1.138169257,50,27,6.6,4,10.0,80,6.0,30.07,63.52435920195238
1.041522491,50,33,4.9,4,10.0,80,6.0,30.06,-25.328122733159866
0.7301038059999999,50,33,4.9,3,10.0,86,9.0,30.07,-15.72005926590932
0.418685121,50,33,4.9,3,9.0,86,3.0,30.05,2713.2496533141284
0.1072664359999999,50,33,4.9,3,9.0,77,8.0,30.1,12452.611552727241
0.2041522489999999,50,33,4.9,1,10.0,77,9.0,30.07,20935.999633607873
0.515570934,50,33,4.9,2,10.0,71,0.0,30.07,3213.4904109331387
0.826989619,50,33,4.9,1,10.0,74,0.0,30.08,27.714498629367295
1.138408304,50,33,4.9,0,10.0,86,3.0,30.09,34.3968623030818
1.043327556,49,6,6.4,0,10.0,89,3.0,30.11,-154.51133885951702
0.731369151,49,6,6.4,1,10.0,93,3.0,30.16,-154.51133885951702
0.419410745,49,6,6.4,1,10.0,57,7.0,30.23,6219.7781455594195
0.10745234,49,6,6.4,1,10.0,49,6.0,30.27,22548.47394367374
0.204506066,49,6,6.4,1,10.0,55,7.0,30.23,22674.400629186737
0.516464471,49,6,6.4,1,10.0,67,11.0,30.26,1704.314201243798
0.8284228770000001,49,6,6.4,0,10.0,69,6.0,30.31,64.07504036505357
1.140381282,49,6,6.4,0,10.0,80,0.0,30.35,-154.51133885951702
1.046875,51,12,4.0,0,9.0,89,6.0,30.36,-49.81843675873623
0.734375,51,12,4.0,0,9.0,86,6.0,30.35,-49.81843675873623
0.421875,51,12,4.0,0,6.0,80,10.0,30.36,2739.36631674831
0.109375,51,12,4.0,0,5.0,74,3.0,30.4,12666.045876865774
0.203125,51,12,4.0,0,8.0,51,3.0,30.32,22806.91652989002
0.515625,51,12,4.0,1,9.0,78,6.0,30.26,2184.768200152583
0.828125,51,12,4.0,0,10.0,69,3.0,30.25,168.76794246583432
1.140625,51,12,4.0,1,10.0,74,3.0,30.27,-31.507226894871124
1.046875,50,29,4.9,0,10.0,80,0.0,30.22,34.3968623030818
0.734375,50,29,4.9,1,10.0,83,0.0,30.18,34.3968623030818
0.421875,50,29,4.9,1,10.0,83,9.0,30.18,2823.581615810128
0.109375,50,29,4.9,3,8.0,72,0.0,30.18,11917.771877423673
0.203125,50,29,4.9,3,9.0,67,5.0,30.1,17849.260805273305
0.515625,50,29,4.9,3,6.0,78,0.0,30.04,2110.7395928226433
0.828125,50,29,4.9,1,10.0,75,13.0,29.99,78.24911844552263
1.140625,50,29,4.9,2,9.0,90,11.0,30.0,66.86116272958942
1.050434783,53,27,9.4,4,8.0,90,8.0,29.97,-113.0750082701062
0.7373913040000001,53,27,9.4,4,10.0,86,0.0,29.94,-143.18252873361052
0.424347826,53,27,9.4,2,6.0,89,3.0,29.95,1625.295919048667
0.111304348,53,27,9.4,1,4.0,80,0.0,29.97,17882.53930946358
0.20173913,53,27,9.4,3,9.0,67,8.0,29.9,15716.811192020441
0.514782609,53,27,9.4,4,9.0,83,14.0,29.88,1492.5766814481385
0.827826087,53,27,9.4,4,10.0,80,29.0,29.86,206.73445243972466
1.140869565,53,27,9.4,4,10.0,90,7.0,29.85,-149.5977995206847
1.050434783,49,29,15.9,3,10.0,72,22.0,29.84,103.0347229595069
0.7373913040000001,49,29,15.9,4,9.0,69,22.0,29.85,274.6140439044109
0.424347826,49,29,15.9,2,10.0,66,14.0,29.89,3659.206821720593
0.111304348,49,29,15.9,2,10.0,57,15.0,29.92,23152.14151413664
0.20173913,49,29,15.9,3,10.0,51,20.0,29.87,18610.667261849958
0.514782609,49,29,15.9,2,10.0,61,16.0,29.85,2764.7221598660662
0.827826087,49,29,15.9,2,10.0,66,20.0,29.89,8.10351853011786
1.140869565,49,29,15.9,3,10.0,63,10.0,29.92,177.66890124671244
1.054006969,45,16,7.8,2,10.0,68,8.0,29.91,-277.6652078942803
0.740418118,45,16,7.8,2,10.0,76,6.0,29.93,-473.5658837115743
0.426829268,45,16,7.8,3,10.0,83,7.0,29.95,1364.307474682906
0.113240418,45,16,7.8,4,10.0,74,13.0,29.95,1553.4005307775412
0.200348432,45,16,7.8,4,10.0,80,6.0,29.89,2984.915052780725
0.513937282,45,16,7.8,4,4.0,86,0.0,29.83,1277.5776244570993
0.827526132,45,16,7.8,4,9.0,93,8.0,29.79,-304.3818155847151
1.141114983,45,16,7.8,3,10.0,89,10.0,29.77,-470.8934572726043
1.054006969,46,21,8.9,3,10.0,93,8.0,29.75,-470.8934572726043
0.740418118,46,21,8.9,3,10.0,83,7.0,29.75,-501.0009777361085
0.426829268,46,21,8.9,4,9.0,80,8.0,29.76,413.29835188794516
0.113240418,46,21,8.9,3,9.0,77,9.0,29.81,5550.6611254534455
0.200348432,46,21,8.9,2,10.0,66,16.0,29.79,15525.386863362135
0.513937282,46,21,8.9,3,10.0,61,15.0,29.79,2731.938561476499
0.827526132,46,21,8.9,3,10.0,93,8.0,29.82,-470.8934572726043
1.141114983,46,21,8.9,2,10.0,89,5.0,29.87,-457.35723126174616
1.057591623,43,5,9.3,3,10.0,76,3.0,29.89,-523.6249009730109
0.743455497,43,5,9.3,3,10.0,93,3.0,29.9,-501.0009777361085
0.429319372,43,5,9.3,4,4.0,93,9.0,29.93,783.9244302977658
0.115183246,43,5,9.3,3,10.0,86,10.0,29.99,5168.059883301766
0.19895288,43,5,9.3,3,10.0,74,7.0,29.97,10020.105168861366
0.513089005,43,5,9.3,3,10.0,83,20.0,29.99,1367.1032233720643
0.827225131,43,5,9.3,3,10.0,83,16.0,30.02,-313.5074342483116
1.141361257,43,5,9.3,2,10.0,83,6.0,30.03,-304.9297757830367
1.057591623,43,29,8.4,1,10.0,63,10.0,30.04,244.87800281744927
0.743455497,43,29,8.4,1,10.0,58,9.0,30.05,830.6147950575873
0.429319372,43,29,8.4,1,10.0,73,0.0,30.05,3027.6534973492667
0.115183246,43,29,8.4,0,10.0,60,3.0,30.04,18632.793065457055
0.19895288,43,29,8.4,1,10.0,44,5.0,29.96,20933.13988593461
0.513089005,43,29,8.4,1,10.0,59,14.0,29.91,3506.0551335092237
0.827225131,43,29,8.4,0,10.0,71,10.0,29.91,22.48449091586292
1.141361257,43,29,8.4,0,10.0,68,14.0,29.92,126.8689335348423
1.059336824,47,20,8.7,0,10.0,63,7.0,29.92,-239.33352375773916
0.745200698,47,20,8.7,0,10.0,65,6.0,29.97,-195.18982881106496
0.431064572,47,20,8.7,1,10.0,77,7.0,30.05,2155.9176369308875
0.1169284469999999,47,20,8.7,2,10.0,80,6.0,30.12,9076.545905944105
0.197207679,47,20,8.7,3,10.0,74,8.0,30.13,10293.015858372473
0.511343805,47,20,8.7,4,10.0,69,11.0,30.14,2738.8129922201374
0.82547993,47,20,8.7,3,10.0,74,9.0,30.17,-172.21443335061878
1.139616056,47,20,8.7,3,10.0,80,14.0,30.22,-185.5670756689007
1.059336824,49,26,9.2,3,10.0,80,14.0,30.23,-53.829493991020726
0.745200698,49,26,9.2,4,10.0,86,11.0,30.23,-33.33003699476687
0.431064572,49,26,9.2,4,10.0,96,0.0,30.27,1189.007510690618
0.1169284469999999,49,26,9.2,3,9.0,80,8.0,30.32,10992.05309175903
0.197207679,49,26,9.2,2,10.0,59,14.0,30.3,22808.666409955058
0.511343805,49,26,9.2,2,10.0,59,16.0,30.31,4605.994223216378
0.82547993,49,26,9.2,1,10.0,71,10.0,30.34,155.08358862972216
1.139616056,49,26,9.2,1,10.0,77,9.0,30.36,14.754016822177057
1.061082024,43,29,2.3,1,10.0,73,6.0,30.37,296.99656247567157
0.7469458990000001,43,29,2.3,0,10.0,82,5.0,30.35,104.34390185142594
0.4328097729999999,43,29,2.3,1,10.0,82,0.0,30.36,2580.469787040545
0.118673647,43,29,2.3,2,10.0,74,0.0,30.4,14681.561887918991
0.195462478,43,29,2.3,2,10.0,61,0.0,30.33,21673.869214189577
0.509598604,43,29,2.3,3,10.0,61,0.0,30.29,4894.810384595749
0.8237347290000001,43,29,2.3,3,10.0,63,3.0,30.27,830.0221852880006
1.137870855,43,29,2.3,2,10.0,63,5.0,30.27,791.1653200357232
1.061082024,49,12,5.1,3,10.0,68,3.0,30.24,238.89282549743632
0.7469458990000001,49,12,5.1,3,10.0,77,3.0,30.22,73.09967014364656
0.4328097729999999,49,12,5.1,4,10.0,74,0.0,30.19,2259.8744781896658
0.118673647,49,12,5.1,4,10.0,71,0.0,30.19,4185.501795805192
0.195462478,49,12,5.1,4,8.0,86,6.0,30.07,4457.830228328131
0.509598604,49,12,5.1,4,5.0,86,10.0,29.99,2060.9664775375345
0.8237347290000001,49,12,5.1,4,4.0,100,10.0,29.9,-220.6094101359505
1.137870855,49,12,5.1,4,10.0,96,10.0,29.87,-220.6094101359505
1.062827225,48,26,8.9,2,10.0,83,7.0,29.83,-294.89045166649345
0.7486910990000001,48,26,8.9,3,10.0,89,3.0,29.86,-316.1094412085737
0.434554974,48,26,8.9,1,10.0,89,0.0,29.89,1199.7919223427004
0.120418848,48,26,8.9,1,10.0,69,9.0,29.91,16651.00409217676
0.193717277,48,26,8.9,3,10.0,71,11.0,29.89,14933.08688848747
0.5078534029999999,48,26,8.9,3,10.0,71,11.0,29.88,2375.4971778475574
0.8219895290000001,48,26,8.9,2,10.0,80,7.0,29.89,-294.89045166649345
1.136125654,48,26,8.9,3,9.0,77,14.0,29.92,-263.24012669647897
1.062827225,47,13,3.6,3,10.0,86,0.0,29.9,-405.0148643187838
0.7486910990000001,47,13,3.6,4,10.0,93,5.0,29.91,-232.0879518438207
0.434554974,47,13,3.6,2,10.0,83,0.0,29.93,1910.2083835853812
0.120418848,47,13,3.6,3,10.0,77,0.0,29.96,6695.020052600436
0.193717277,47,13,3.6,3,10.0,77,8.0,29.93,10170.27190721226
0.5078534029999999,47,13,3.6,3,10.0,69,5.0,29.9,2711.113758817237
0.8219895290000001,47,13,3.6,4,10.0,71,3.0,29.89,-120.79757406025229
1.136125654,47,13,3.6,4,10.0,77,6.0,29.89,-261.1271458677972
1.064572426,51,14,10.4,4,10.0,83,9.0,29.88,-304.3818155847151
0.7504363000000001,51,14,10.4,4,8.0,83,6.0,29.84,-334.48933604821946
0.436300175,51,14,10.4,4,10.0,83,5.0,29.82,1708.9148233631308
0.122164049,51,14,10.4,4,10.0,80,7.0,29.84,1296.5697810541576
0.191972077,51,14,10.4,4,10.0,77,10.0,29.81,4077.83532109426
0.5061082020000001,51,14,10.4,4,10.0,72,10.0,29.78,1723.1136081534319
0.820244328,51,14,10.4,4,10.0,77,6.0,29.77,-357.1132592851218
1.134380454,51,14,10.4,4,10.0,75,22.0,29.72,-196.39648951653703
1.06271777,47,28,21.1,4,10.0,86,30.0,29.65,1137.3526880093716
0.74912892,47,28,21.1,4,8.0,90,15.0,29.64,72.61852761712254
0.43554007,47,28,21.1,4,10.0,93,24.0,29.67,3180.756847420721
0.12195122,47,28,21.1,3,6.0,96,25.0,29.79,13262.676807716578
0.191637631,47,28,21.1,2,10.0,57,28.0,29.81,21500.716507578498
0.505226481,47,28,21.1,2,10.0,68,26.0,29.86,3881.3688167155124
0.8188153309999999,47,28,21.1,1,10.0,68,20.0,29.91,142.72786499677898
1.1324041809999998,47,28,21.1,1,10.0,66,16.0,29.98,222.85760317963525
1.06445993,47,29,4.9,0,10.0,71,10.0,30.04,154.58953160785717
0.75087108,47,29,4.9,0,10.0,71,9.0,30.09,257.15704339083186
0.43728223,47,29,4.9,0,10.0,74,8.0,30.17,3190.2264607160882
0.12369338,47,29,4.9,1,10.0,68,0.0,30.25,15522.081268674252
0.18989547,47,29,4.9,1,10.0,54,5.0,30.24,22199.475666428098
0.5034843210000001,47,29,4.9,2,10.0,52,0.0,30.26,5087.625186294071
0.817073171,47,29,4.9,3,10.0,71,8.0,30.29,235.93805384875157
1.130662021,47,29,4.9,3,10.0,74,0.0,30.32,65.50096157770224
1.06445993,45,12,1.3,1,10.0,83,0.0,30.32,-79.9293471248592
0.75087108,45,12,1.3,2,10.0,89,0.0,30.34,-79.9293471248592
0.43728223,45,12,1.3,2,10.0,93,0.0,30.37,728.2959613564432
0.12369338,45,12,1.3,2,10.0,80,3.0,30.42,3568.944745001102
0.18989547,45,12,1.3,3,10.0,71,5.0,30.37,2934.176045726274
0.5034843210000001,45,12,1.3,3,10.0,66,0.0,30.36,2276.23187678808
0.817073171,45,12,1.3,3,10.0,77,0.0,30.36,-105.26188373535645
1.130662021,45,12,1.3,3,10.0,77,0.0,30.39,-105.26188373535645
1.064347826,51,10,2.4,4,10.0,86,0.0,30.38,-50.53796930456257
0.751304348,51,10,2.4,4,10.0,89,3.0,30.38,-50.53796930456257
0.43826087,51,10,2.4,2,10.0,89,0.0,30.37,2709.258796284806
0.1252173909999999,51,10,2.4,3,10.0,86,8.0,30.39,6037.357889255456
0.187826087,51,10,2.4,3,10.0,80,0.0,30.33,10540.991670484436
0.500869565,51,10,2.4,3,10.0,67,0.0,30.28,4147.8689159830665
0.813913043,51,10,2.4,2,10.0,80,3.0,30.27,-49.81843675873623
1.126956522,51,10,2.4,3,10.0,86,5.0,30.27,-71.03742630081646
1.064347826,51,30,3.2,2,10.0,89,3.0,30.26,81.91914491914379
0.751304348,51,30,3.2,3,9.0,93,0.0,30.26,60.70015537706357
0.43826087,51,30,3.2,3,9.0,93,0.0,30.28,2819.777388420606
0.1252173909999999,51,30,3.2,3,6.0,90,5.0,30.3,13338.229613849831
0.187826087,51,30,3.2,3,6.0,86,3.0,30.25,15730.33409923258
0.500869565,51,30,3.2,2,10.0,72,0.0,30.22,3084.545632122496
0.813913043,51,30,3.2,1,10.0,93,8.0,30.2,112.02666538264805
1.126956522,51,30,3.2,1,10.0,90,3.0,30.22,81.91914491914379
1.066086957,50,34,4.6,1,10.0,89,0.0,30.21,81.91914491914379
0.7530434779999999,50,34,4.6,2,6.0,93,5.0,30.21,81.91914491914379
0.44,50,34,4.6,3,5.0,96,9.0,30.21,2849.88490888411
0.126956522,50,34,4.6,3,0.75,93,6.0,30.23,11817.421219356358
0.186086957,50,34,4.6,1,5.0,86,3.0,30.15,19982.765977775874
0.499130435,50,34,4.6,1,10.0,83,6.0,30.12,2662.713853951121
0.812173913,50,34,4.6,1,10.0,86,6.0,30.15,81.91914491914379
1.1252173909999998,50,34,4.6,1,10.0,93,7.0,30.19,81.91914491914379
1.064236111,48,30,4.1,3,7.0,96,7.0,30.2,60.70015537706357
0.7517361109999999,48,30,4.1,4,0.5,96,0.0,30.2,81.19961237331731
0.439236111,48,30,4.1,4,0.25,96,5.0,30.22,1767.2990540108594
0.1267361109999999,48,30,4.1,4,0.5,96,3.0,30.26,9101.306901649923
0.185763889,48,30,4.1,1,2.5,96,3.0,30.2,19982.765977775874
0.4982638889999999,48,30,4.1,3,1.25,96,8.0,30.18,2671.602384872545
0.8107638890000001,48,30,4.1,4,10.0,93,9.0,30.17,111.30713283682161
1.123263889,48,30,4.1,4,10.0,90,5.0,30.18,81.19961237331731
1.064124783,47,3,3.8,4,10.0,93,8.0,30.17,-20.430448841058322
0.752166378,47,3,3.8,4,10.0,89,7.0,30.18,-50.53796930456257
0.440207972,47,3,3.8,4,5.0,93,9.0,30.18,1665.6689927964837
0.1282495669999999,47,3,3.8,4,4.0,89,5.0,30.21,2904.8251479529263
0.1837088389999999,47,3,3.8,4,6.0,89,0.0,30.14,5628.260474742205
0.495667244,47,3,3.8,2,7.0,83,6.0,30.09,2530.9762722732416
0.80762565,47,3,3.8,0,4.0,86,5.0,30.08,-181.93152515825625
1.119584055,47,3,3.8,4,4.0,89,0.0,30.07,-182.65105770408258
1.062283737,51,25,10.3,4,1.5,96,3.0,30.03,-143.18252873361052
0.750865052,51,25,10.3,4,1.75,96,9.0,30.02,-113.0750082701062
0.439446367,51,25,10.3,4,4.0,96,10.0,29.95,968.8159668253003
0.128027682,51,25,10.3,4,3.0,93,6.0,29.93,3261.463245263626
0.183391003,51,25,10.3,4,5.0,90,14.0,29.91,4840.305743253656
0.494809689,51,25,10.3,2,10.0,74,16.0,29.92,1667.768638013106
0.806228374,51,25,10.3,2,10.0,74,14.0,29.95,-242.02113715439873
1.117647059,51,25,10.3,2,10.0,83,8.0,30.0,-112.35547572427988
1.06044905,44,30,5.2,2,10.0,80,3.0,30.01,207.21533328213928
0.749568221,44,30,5.2,1,10.0,86,6.0,30.04,30.497815200658934
0.438687392,44,30,5.2,1,10.0,86,3.0,30.05,2675.1047799045336
0.127806563,44,30,5.2,2,10.0,61,0.0,30.09,19830.865374968744
0.183074266,44,30,5.2,3,10.0,54,7.0,30.05,19396.32028157102
0.493955095,44,30,5.2,3,10.0,50,13.0,30.04,5006.067245695338
0.804835924,44,30,5.2,1,10.0,68,3.0,30.05,401.9550709711784
1.115716753,44,30,5.2,1,10.0,76,8.0,30.07,307.2045691816607
1.062176166,42,27,2.4,0,10.0,76,0.0,30.08,77.70785711826149
0.7512953370000001,42,27,2.4,0,10.0,73,0.0,30.1,296.99656247567157
0.440414508,42,27,2.4,0,10.0,76,3.0,30.13,2717.935514399376
0.129533679,42,27,2.4,2,10.0,71,0.0,30.21,14681.561887918991
0.18134715,42,27,2.4,3,10.0,61,3.0,30.17,19494.30353768826
0.492227979,42,27,2.4,3,10.0,52,0.0,30.17,5476.651053999883
0.803108808,42,27,2.4,3,10.0,68,8.0,30.22,308.9239200110582
1.113989637,42,27,2.4,3,10.0,74,0.0,30.24,113.0232441937642
1.062176166,46,4,4.2,4,10.0,77,0.0,30.22,-32.22675944069748
0.7512953370000001,46,4,4.2,4,10.0,74,3.0,30.2,-32.22675944069748
0.440414508,46,4,4.2,4,10.0,68,0.0,30.2,3582.9779000252174
0.129533679,46,4,4.2,4,10.0,68,0.0,30.2,4857.193185852943
0.18134715,46,4,4.2,4,1.5,93,0.0,30.16,7107.149661053658
0.492227979,46,4,4.2,4,1.5,96,5.0,30.18,2156.3643100011186
0.803108808,46,4,4.2,4,6.0,93,0.0,30.21,-50.53796930456257
1.113989637,46,4,4.2,3,9.0,86,7.0,30.25,-71.03742630081646
1.062068966,49,17,3.5,4,9.0,86,0.0,30.25,-50.53796930456257
0.7517241379999999,49,17,3.5,4,10.0,93,0.0,30.27,-50.53796930456257
0.44137931,49,17,3.5,4,8.0,86,6.0,30.26,1635.5614723329797
0.131034483,49,17,3.5,4,8.0,86,6.0,30.3,2425.516570063362
0.179310345,49,17,3.5,4,10.0,80,3.0,30.26,7107.149661053658
0.489655172,49,17,3.5,3,10.0,80,0.0,30.25,2509.7572827311615
0.8,49,17,3.5,3,10.0,93,9.0,30.27,-40.929905837312184
1.110344828,49,17,3.5,4,10.0,90,0.0,30.29,-50.53796930456257
1.058419244,49,1,3.8,4,8.0,93,5.0,30.26,-50.53796930456257
0.749140893,49,1,3.8,4,4.0,93,5.0,30.27,-50.53796930456257
0.439862543,49,1,3.8,4,5.0,89,3.0,30.26,1635.5614723329797
0.130584192,49,1,3.8,4,5.0,86,3.0,30.29,3316.4294404162633
0.178694158,49,1,3.8,1,5.0,80,0.0,30.23,14793.423549027719
0.487972509,49,1,3.8,1,6.0,77,0.0,30.19,2549.287482137107
0.797250859,49,1,3.8,0,9.0,86,6.0,30.17,-49.81843675873623
1.10652921,49,1,3.8,0,7.0,86,8.0,30.16,-19.710916295231964
1.058319039,48,4,3.8,2,5.0,89,7.0,30.15,-49.81843675873623
0.7495711840000001,48,4,3.8,4,4.0,89,6.0,30.18,-50.53796930456257
0.4408233279999999,48,4,3.8,4,4.0,93,3.0,30.19,1635.5614723329797
0.132075472,48,4,3.8,3,2.5,83,5.0,30.22,6032.543758122693
0.176672384,48,4,3.8,4,9.0,86,6.0,30.17,5915.1920576847
0.48542024,48,4,3.8,2,9.0,80,7.0,30.18,2530.9762722732416
0.7941680959999999,48,4,3.8,1,10.0,89,0.0,30.2,-49.81843675873623
1.102915952,48,4,3.8,0,8.0,89,0.0,30.22,-49.81843675873623
1.056506849,49,11,6.6,0,6.0,93,5.0,30.22,-42.144180340082926
0.7482876709999999,49,11,6.6,4,2.0,96,6.0,30.24,-42.86371288590926
0.4400684929999999,49,11,6.6,4,0.25,96,0.0,30.27,1643.2357287516331
0.131849315,49,11,6.6,1,5.0,96,7.0,30.3,10400.59515885984
0.176369863,49,11,6.6,1,10.0,51,13.0,30.26,22893.511645381408
0.484589041,49,11,6.6,1,10.0,39,6.0,30.26,5378.761494933339
0.7928082190000001,49,11,6.6,1,10.0,45,10.0,30.32,1623.2874537775003
1.101027397,49,11,6.6,1,10.0,46,10.0,30.37,1697.6771675416405
1.054700855,56,8,6.9,1,10.0,53,10.0,30.39,1589.4536401670825
0.7470085470000001,56,8,6.9,0,10.0,64,14.0,30.43,639.293209655564
0.439316239,56,8,6.9,0,10.0,61,5.0,30.47,5947.57672350648
0.131623932,56,8,6.9,0,10.0,69,10.0,30.53,13367.630015469682
0.176068376,56,8,6.9,0,10.0,41,5.0,30.49,22814.590786308672
0.483760684,56,8,6.9,1,10.0,58,7.0,30.47,5314.820160859417
0.791452991,56,8,6.9,1,10.0,51,6.0,30.5,1587.1691183060823
1.099145299,56,8,6.9,0,10.0,77,5.0,30.52,-104.23349924827185
1.054607509,48,3,2.7,0,10.0,77,0.0,30.5,-31.507226894871124
0.7474402729999999,48,3,2.7,0,10.0,77,6.0,30.49,-31.507226894871124
0.4402730379999999,48,3,2.7,1,10.0,83,3.0,30.5,2709.258796284806
0.133105802,48,3,2.7,1,10.0,77,3.0,30.51,9865.92324702918
0.174061433,48,3,2.7,2,10.0,77,5.0,30.43,15313.659962735943
0.481228669,48,3,2.7,3,10.0,72,5.0,30.35,2897.5771819497
0.788395904,48,3,2.7,2,10.0,51,3.0,30.32,1659.8953906594827
1.09556314,48,3,2.7,1,10.0,77,0.0,30.31,-31.507226894871124
1.052810903,59,9,9.5,1,10.0,71,0.0,30.29,-40.77339246449766
0.746166951,59,9,9.5,1,10.0,58,9.0,30.28,1512.5841751433115
0.4395229979999999,59,9,9.5,2,10.0,48,8.0,30.29,5804.110023405967
0.132879046,59,9,9.5,3,10.0,48,17.0,30.31,18377.5084513134
0.173764906,59,9,9.5,2,10.0,50,13.0,30.27,22411.094941759766
0.4804088589999999,59,9,9.5,1,10.0,42,16.0,30.23,4613.703244890261
0.7870528109999999,59,9,9.5,0,10.0,52,9.0,30.25,1540.4071737458157
1.093696763,59,9,9.5,0,10.0,52,8.0,30.28,1540.4071737458157
1.050933786,61,13,5.3,0,10.0,64,7.0,30.3,728.8169890533234
0.74533107,61,13,5.3,0,10.0,64,8.0,30.3,758.9245095168278
0.4397283529999999,61,13,5.3,0,10.0,80,9.0,30.3,3031.046356651872
0.134125637,61,13,5.3,0,10.0,46,9.0,30.33,22895.364616508363
0.17147708,61,13,5.3,0,10.0,35,7.0,30.27,21080.898186507075
0.477079796,61,13,5.3,0,10.0,29,3.0,30.22,8233.359959118356
0.782682513,61,13,5.3,0,10.0,69,0.0,30.23,294.59382904643246
1.088285229,61,13,5.3,0,10.0,57,0.0,30.24,1757.8982786375766
1.049152542,55,9,2.3,0,10.0,74,5.0,30.23,-31.507226894871124
0.744067797,55,9,2.3,0,10.0,86,0.0,30.22,-49.81843675873623
0.438983051,55,9,2.3,0,10.0,89,0.0,30.22,2709.258796284806
0.133898305,55,9,2.3,1,10.0,80,3.0,30.24,10809.339326037287
0.171186441,55,9,2.3,3,9.0,78,6.0,30.17,10606.418711484328
0.476271186,55,9,2.3,2,10.0,40,3.0,30.14,5371.087238514686
0.781355932,55,9,2.3,3,10.0,55,0.0,30.15,1693.3540142415377
1.086440678,55,9,2.3,2,10.0,64,3.0,30.16,602.9911024727255
1.047377327,56,13,3.2,1,10.0,77,0.0,30.15,-31.507226894871124
0.7428087990000001,56,13,3.2,1,10.0,80,0.0,30.14,-49.81843675873623
0.438240271,56,13,3.2,1,10.0,83,5.0,30.15,2709.258796284806
0.133671743,56,13,3.2,1,10.0,51,9.0,30.17,22445.149329605396
0.170896785,56,13,3.2,1,10.0,70,6.0,30.12,15136.925532271516
0.4754653129999999,56,13,3.2,1,10.0,39,3.0,30.1,5371.087238514686
0.780033841,56,13,3.2,1,10.0,64,3.0,30.11,602.9911024727255
1.084602369,56,13,3.2,0,10.0,59,3.0,30.15,1577.7966552214589
1.045531197,55,12,2.0,0,10.0,69,0.0,30.16,168.76794246583432
0.741989882,55,12,2.0,0,10.0,77,0.0,30.19,-31.507226894871124
0.438448567,55,12,2.0,0,10.0,80,0.0,30.22,2709.258796284806
0.134907251,55,12,2.0,0,10.0,72,7.0,30.27,9859.677809560453
0.1686340639999999,55,12,2.0,0,10.0,65,3.0,30.21,15712.182682981384
0.472175379,55,12,2.0,0,10.0,56,0.0,30.19,5387.546433212818
0.775716695,55,12,2.0,0,10.0,55,0.0,30.2,1632.0723920569785
1.07925801,55,12,2.0,0,10.0,59,0.0,30.24,1577.7966552214589
1.043771044,52,6,1.1,0,10.0,71,0.0,30.24,56.286677614268726
0.740740741,52,6,1.1,1,10.0,83,0.0,30.23,-102.35410405714136
0.437710438,52,6,1.1,0,10.0,89,0.0,30.23,988.8225522785847
0.134680135,52,6,1.1,0,6.0,80,0.0,30.25,4215.254617536341
0.168350168,52,6,1.1,0,6.0,80,8.0,30.18,7660.223223679922
0.471380471,52,6,1.1,1,6.0,69,0.0,30.15,1858.2973209403638
0.774410774,52,6,1.1,0,8.0,62,0.0,30.15,-141.20620902325885
1.077441077,52,6,1.1,0,8.0,77,0.0,30.19,-84.04289419327624
1.042016807,55,14,2.5,0,8.0,93,6.0,30.21,-49.81843675873623
0.739495798,55,14,2.5,0,8.0,89,0.0,30.23,-49.81843675873623
0.43697479,55,14,2.5,0,8.0,93,5.0,30.25,2709.258796284806
0.134453782,55,14,2.5,0,4.0,72,8.0,30.29,11451.096346521124
0.1680672269999999,55,14,2.5,0,5.0,54,3.0,30.26,22779.093531287515
0.470588235,55,14,2.5,0,6.0,42,0.0,30.25,5371.087238514686
0.773109244,55,14,2.5,0,10.0,58,0.0,30.25,1632.0723920569785
1.075630252,55,14,2.5,0,10.0,66,3.0,30.26,501.1226127277648
1.040201005,55,14,1.9,0,10.0,80,0.0,30.25,-102.35410405714136
0.738693467,55,14,1.9,0,10.0,77,0.0,30.24,-84.04289419327624
0.43718593,55,14,1.9,0,10.0,77,0.0,30.24,571.8886334510327
0.1356783919999999,55,14,1.9,0,10.0,48,6.0,30.26,15973.270139836639
0.1658291459999999,55,14,1.9,0,10.0,45,5.0,30.19,16282.286014205789
0.467336683,55,14,1.9,0,10.0,31,0.0,30.15,5793.449328915441
0.7688442209999999,55,14,1.9,0,10.0,48,3.0,30.15,1026.9645838308504
1.070351759,55,14,1.9,0,10.0,67,3.0,30.16,379.8867619672332
1.038461538,55,13,1.5,0,10.0,74,0.0,30.15,-84.04289419327624
0.737458194,55,13,1.5,0,10.0,77,0.0,30.15,-84.04289419327624
0.436454849,55,13,1.5,1,10.0,86,0.0,30.15,988.8225522785847
0.135451505,55,13,1.5,1,10.0,55,3.0,30.17,11464.722352917295
0.165551839,55,13,1.5,1,10.0,37,3.0,30.09,11724.885233705243
0.466555184,55,13,1.5,2,10.0,52,5.0,30.04,2989.634095384944
0.767558528,55,13,1.5,1,10.0,50,0.0,30.04,749.4598376998262
1.068561873,55,13,1.5,2,10.0,55,0.0,30.05,729.1137571343942
1.03327787,55,4,2.4,2,10.0,83,0.0,30.04,-216.43671887046986
0.7337770379999999,55,4,2.4,3,10.0,74,5.0,30.01,-275.21133207697693
0.434276206,55,4,2.4,3,10.0,77,3.0,29.99,2434.4310120103974
0.134775374,55,4,2.4,4,10.0,75,3.0,30.02,2093.226387251979
0.164725458,55,4,2.4,4,10.0,67,0.0,29.98,7407.978764448468
0.46422629,55,4,2.4,4,10.0,72,3.0,29.98,2146.186432980565
0.763727121,55,4,2.4,4,10.0,77,3.0,29.98,-254.71187508072308
1.063227953,55,4,2.4,4,10.0,83,7.0,30.0,-232.0879518438207
1.031561462,53,2,2.6,4,8.0,83,5.0,29.98,-232.0879518438207
0.73255814,53,2,2.6,4,4.0,93,0.0,29.98,-232.0879518438207
0.433554817,53,2,2.6,4,2.5,93,9.0,29.98,1308.60634965816
0.134551495,53,2,2.6,4,4.0,96,0.0,30.02,1515.8340717666156
0.164451827,53,2,2.6,4,4.0,93,7.0,30.0,4052.626656125147
0.46345515,53,2,2.6,4,8.0,93,0.0,30.0,1799.3016668627938
0.762458472,53,2,2.6,4,9.0,93,0.0,30.0,-232.0879518438207
1.061461794,53,2,2.6,4,10.0,86,3.0,30.01,-232.0879518438207
1.029801325,54,32,2.7,4,7.0,75,7.0,30.01,16.023488979519122
0.7317880790000001,54,32,2.7,4,5.0,93,3.0,30.02,4.635533263585922
0.433774834,54,32,2.7,4,4.0,96,3.0,30.02,1515.2223143020617
0.135761589,54,32,2.7,4,6.0,96,0.0,30.05,7568.226393980826
0.162251656,54,32,2.7,4,1.5,96,0.0,30.03,10538.912591671773
0.460264901,54,32,2.7,4,3.0,96,0.0,30.02,2036.0251519702
0.758278146,54,32,2.7,4,4.0,96,0.0,30.04,19.56723369111031
1.056291391,54,32,2.7,4,8.0,96,7.0,30.07,22.194159882902127
1.02640264,52,27,10.0,4,5.0,96,8.0,30.09,-38.28860454034998
0.729372937,52,27,10.0,4,9.0,96,14.0,30.12,-33.33003699476687
0.4323432339999999,52,27,10.0,4,10.0,90,10.0,30.14,1219.1150311541223
0.135313531,52,27,10.0,4,6.0,93,10.0,30.18,9298.699447362365
0.161716172,52,27,10.0,4,10.0,80,10.0,30.15,8743.121270746915
0.458745875,52,27,10.0,4,9.0,80,9.0,30.15,1173.8500240796523
0.755775578,52,27,10.0,4,10.0,80,9.0,30.14,-38.28860454034998
1.052805281,52,27,10.0,4,10.0,69,13.0,30.17,219.26822118263937
1.024711697,50,28,18.7,4,10.0,71,16.0,30.15,271.5686035508494
0.7281713340000001,50,28,18.7,3,10.0,69,21.0,30.11,311.0147441077562
0.4316309720000001,50,28,18.7,2,10.0,74,18.0,30.09,2804.6926256519228
0.13509061,50,28,18.7,2,10.0,69,18.0,30.11,19844.808423094884
0.161449753,50,28,18.7,3,10.0,72,21.0,30.05,18260.35853995968
0.457990115,50,28,18.7,3,10.0,72,21.0,29.99,3221.201879441403
0.754530478,50,28,18.7,2,10.0,77,21.0,29.98,96.09985421153937
1.05107084,50,28,18.7,2,10.0,80,11.0,30.0,84.71189849560616
1.02134647,47,32,6.6,1,10.0,77,7.0,30.01,8.670675586048976
0.725779967,47,32,6.6,1,10.0,79,5.0,30.03,-2.71728012988423
0.430213465,47,32,6.6,1,10.0,79,3.0,30.07,2773.918579532974
0.1346469619999999,47,32,6.6,1,10.0,71,3.0,30.12,16435.207208338707
0.16091954,47,32,6.6,1,10.0,66,5.0,30.1,23541.642197961282
0.4564860429999999,47,32,6.6,1,10.0,51,6.0,30.12,6010.39011345837
0.752052545,47,32,6.6,0,10.0,71,8.0,30.2,242.9973561077503
1.047619048,47,32,6.6,0,10.0,54,7.0,30.26,1290.1684592526444
1.019639935,47,36,6.0,0,10.0,52,15.0,30.31,1614.5276938711286
0.7250409170000001,47,36,6.0,0,10.0,44,5.0,30.39,1461.2171210342538
0.4304418989999999,47,36,6.0,1,10.0,42,6.0,30.42,6319.469929960441
0.135842881,47,36,6.0,1,10.0,34,0.0,30.49,20948.11470097458
0.158756137,47,36,6.0,1,10.0,35,5.0,30.48,22944.846011319947
0.453355155,47,36,6.0,1,10.0,53,5.0,30.47,6335.929124658572
0.747954173,47,36,6.0,0,10.0,68,9.0,30.49,455.9687961337363
1.042553191,47,36,6.0,0,10.0,66,5.0,30.51,792.697959939078
1.017973856,49,27,4.7,0,10.0,76,0.0,30.5,134.24223373584442
0.723856209,49,27,4.7,0,10.0,79,3.0,30.49,81.91914491914379
0.4297385620000001,49,27,4.7,0,10.0,86,3.0,30.5,2840.996377962686
0.135620915,49,27,4.7,0,10.0,61,3.0,30.5,21170.290930895542
0.158496732,49,27,4.7,0,10.0,40,0.0,30.39,25632.35125625954
0.452614379,49,27,4.7,1,10.0,67,16.0,30.32,5380.7903601394855
0.746732026,49,27,4.7,1,10.0,90,13.0,30.3,190.94752445538285
1.040849673,49,27,4.7,0,10.0,89,0.0,30.31,81.91914491914379
1.01465798,54,10,4.8,0,10.0,86,0.0,30.29,-97.34071937479825
0.7214983709999999,54,10,4.8,0,10.0,86,6.0,30.3,-97.34071937479825
0.428338762,54,10,4.8,1,10.0,53,14.0,30.33,6201.926126730613
0.135179153,54,10,4.8,0,10.0,49,9.0,30.37,21074.1343042709
0.157980456,54,10,4.8,0,10.0,46,6.0,30.31,20636.470064047367
0.451140065,54,10,4.8,0,10.0,34,5.0,30.29,4382.498483931158
0.7442996740000001,54,10,4.8,0,10.0,75,0.0,30.3,-79.02950951093315
1.037459283,54,10,4.8,0,10.0,64,3.0,30.31,555.4688198566636
1.009724473,52,29,4.8,0,10.0,80,5.0,30.31,34.3968623030818
0.717990276,52,29,4.8,0,10.0,83,6.0,30.3,34.3968623030818
0.426256078,52,29,4.8,1,10.0,89,3.0,30.31,2793.474095346624
0.13452188,52,29,4.8,0,8.0,77,0.0,30.32,17798.957416235655
0.157212318,52,29,4.8,0,8.0,75,3.0,30.25,21068.851467175482
0.448946515,52,29,4.8,0,9.0,56,3.0,30.21,5996.726802138947
0.7406807129999999,52,29,4.8,0,10.0,77,9.0,30.2,116.82747158328675
1.032414911,52,29,4.8,1,8.0,93,11.0,30.21,143.42524183932085
1.0064620359999998,51,28,5.0,1,10.0,93,13.0,30.18,125.12419252697605
0.7156704359999999,51,28,5.0,1,10.0,89,3.0,30.17,16.095812990736942
0.424878837,51,28,5.0,0,10.0,89,0.0,30.16,2941.0271993572433
0.134087237,51,28,5.0,0,5.0,83,0.0,30.19,18210.241872026232
0.1567043619999999,51,28,5.0,0,7.0,80,5.0,30.14,20959.13611599567
0.447495961,51,28,5.0,0,10.0,67,10.0,30.09,5457.593775824534
0.7382875609999999,51,28,5.0,0,10.0,83,7.0,30.09,16.095812990736942
1.02907916,51,28,5.0,1,10.0,89,5.0,30.12,16.095812990736942
1.003220612,54,32,1.9,0,10.0,86,0.0,30.13,-45.23482412847689
0.7133655390000001,54,32,1.9,1,10.0,83,0.0,30.15,-45.23482412847689
0.4235104670000001,54,32,1.9,0,10.0,86,0.0,30.18,1045.9418322072493
0.133655395,54,32,1.9,0,10.0,42,3.0,30.23,16851.264306236022
0.156199678,54,32,1.9,0,10.0,29,5.0,30.18,20136.084467504646
0.44605475,54,32,1.9,0,10.0,29,5.0,30.17,5929.764213224084
0.735909823,54,32,1.9,0,10.0,45,5.0,30.19,702.4604276250232
1.025764895,54,32,1.9,0,10.0,59,0.0,30.21,664.6438854876353
1.003215434,54,7,1.8,0,10.0,77,0.0,30.22,-84.04289419327624
0.713826367,54,7,1.8,0,10.0,80,5.0,30.21,-102.35410405714136
0.424437299,54,7,1.8,1,10.0,89,5.0,30.22,988.8225522785847
0.135048232,54,7,1.8,1,10.0,72,3.0,30.26,7927.9065225768345
0.154340836,54,7,1.8,0,9.0,69,6.0,30.2,9339.063494188726
0.443729904,54,7,1.8,0,9.0,49,0.0,30.15,3683.675688729805
0.7331189709999999,54,7,1.8,0,10.0,65,0.0,30.15,297.3861502405936
1.022508039,54,7,1.8,0,10.0,77,0.0,30.17,-84.04289419327624
1.0,56,32,3.1,0,9.0,80,0.0,30.14,81.91914491914379
0.711538462,56,32,3.1,0,5.0,86,0.0,30.11,81.91914491914379
0.423076923,56,32,3.1,0,4.0,93,3.0,30.1,2840.996377962686
0.134615385,56,32,3.1,0,4.0,67,6.0,30.1,20423.88877155328
0.153846154,56,32,3.1,0,5.0,72,5.0,30.02,21480.400027155036
0.442307692,56,32,3.1,1,10.0,58,8.0,29.97,5348.636772513226
0.7307692309999999,56,32,3.1,1,10.0,46,0.0,29.97,788.5311225473025
1.019230769,56,32,3.1,1,10.0,62,7.0,29.98,486.9124160483595
0.996805112,53,20,4.5,2,10.0,61,0.0,29.99,631.7761316201445
0.7092651759999999,53,20,4.5,2,10.0,96,7.0,29.97,-231.36841929799436
0.42172524,53,20,4.5,4,6.0,89,5.0,29.97,1278.4988291946556
0.134185304,53,20,4.5,3,3.0,93,0.0,29.99,7638.4361316085415
0.153354633,53,20,4.5,4,4.0,78,0.0,29.95,5851.39457159798
0.4408945689999999,53,20,4.5,4,6.0,65,0.0,29.9,4252.509253929768
0.728434505,53,20,4.5,4,10.0,75,3.0,29.89,-261.1271458677972
1.015974441,53,20,4.5,4,10.0,44,20.0,29.9,-29.035834169244836
0.993630573,55,16,10.3,2,10.0,72,8.0,29.89,-331.9688191598811
0.707006369,55,16,10.3,4,10.0,90,8.0,29.91,-297.96654479764095
0.420382166,55,16,10.3,4,10.0,90,8.0,29.91,783.9244302977658
0.1337579619999999,55,16,10.3,3,10.0,83,11.0,29.96,6937.674797105829
0.1528662419999999,55,16,10.3,4,10.0,86,10.0,29.92,4157.960670983702
0.439490446,55,16,10.3,3,10.0,72,14.0,29.9,3346.3721118819744
0.72611465,55,16,10.3,2,10.0,80,14.0,29.9,-449.6744677305241
1.012738854,55,16,10.3,3,10.0,83,13.0,29.89,-470.8934572726043
0.99047619,53,13,7.5,3,10.0,86,9.0,29.86,-491.1348511211875
0.704761905,53,13,7.5,3,10.0,86,8.0,29.82,-491.1348511211875
0.419047619,53,13,7.5,4,7.0,96,10.0,29.79,821.7527639824314
0.133333333,53,13,7.5,3,10.0,80,6.0,29.81,6773.540769879821
0.152380952,53,13,7.5,4,9.0,83,6.0,29.79,4620.376976589864
0.438095238,53,13,7.5,4,10.0,77,7.0,29.79,2220.8230838636123
0.7238095240000001,53,13,7.5,4,10.0,86,6.0,29.8,-354.73072989680276
1.00952381,53,13,7.5,4,7.0,86,15.0,29.83,-324.6232094332984
0.987341772,55,32,5.3,3,10.0,83,9.0,29.85,75.15727801102543
0.702531646,55,32,5.3,3,10.0,86,10.0,29.84,75.15727801102543
0.417721519,55,32,5.3,2,10.0,86,7.0,29.86,2327.340709699156
0.132911392,55,32,5.3,3,10.0,83,3.0,29.89,13564.759466044037
0.151898734,55,32,5.3,3,10.0,77,0.0,29.85,17607.979620027312
0.436708861,55,32,5.3,2,10.0,69,11.0,29.85,5393.790286890365
0.7215189870000001,55,32,5.3,0,10.0,66,5.0,29.84,424.09454845569593
1.006329114,55,32,5.3,1,10.0,86,8.0,29.84,96.37626755310563
0.982677165,50,23,9.0,1,10.0,89,3.0,29.86,-294.89045166649345
0.699212598,50,23,9.0,2,10.0,93,0.0,29.86,-294.89045166649345
0.415748031,50,23,9.0,3,10.0,93,3.0,29.9,1178.5729328006203
0.132283465,50,23,9.0,4,10.0,86,6.0,29.93,1347.7897016009617
0.1511811019999999,50,23,9.0,4,10.0,77,10.0,29.91,6241.492902963382
0.434645669,50,23,9.0,3,10.0,69,16.0,29.85,4225.21292081715
0.7181102359999999,50,23,9.0,4,10.0,86,11.0,29.82,-119.49027905718033
1.001574803,50,23,9.0,3,10.0,77,15.0,29.83,-274.61396502913624
0.979591837,48,29,16.2,3,10.0,68,18.0,29.84,25.390538216765556
0.697017268,48,29,16.2,3,10.0,74,10.0,29.85,-112.37173896396351
0.4144426999999999,48,29,16.2,3,10.0,77,6.0,29.89,1650.120515558951
0.131868132,48,29,16.2,3,10.0,59,21.0,29.96,20500.237130254012
0.150706436,48,29,16.2,1,10.0,47,28.0,29.97,26927.182576240237
0.433281005,48,29,16.2,1,10.0,64,26.0,30.0,5522.80259310357
0.715855573,48,29,16.2,1,10.0,68,21.0,30.04,164.04933291451698
0.998430141,48,29,16.2,1,10.0,71,10.0,30.09,182.58506964581676
0.976525822,46,22,10.4,1,10.0,73,6.0,30.12,-18.348635532215507
0.6948356809999999,46,22,10.4,1,10.0,73,3.0,30.13,-18.348635532215507
0.41314554,46,22,10.4,0,10.0,70,5.0,30.18,3527.237258703924
0.131455399,46,22,10.4,1,10.0,54,14.0,30.22,20108.296245068374
0.150234742,46,22,10.4,3,10.0,59,8.0,30.21,20635.121182992476
0.431924883,46,22,10.4,3,10.0,61,11.0,30.18,5538.359162733287
0.713615023,46,22,10.4,4,10.0,61,14.0,30.14,736.076663317851
0.995305164,46,22,10.4,3,9.0,80,17.0,30.11,-185.5670756689007
0.973478939,49,22,7.7,3,10.0,89,15.0,30.09,-111.60478414174901
0.692667707,49,22,7.7,2,10.0,86,6.0,30.12,-199.41417413590796
0.411856474,49,22,7.7,3,10.0,96,6.0,30.14,2579.6602477292035
0.131045242,49,22,7.7,3,9.0,83,8.0,30.16,5404.2967031765875
0.149765991,49,22,7.7,3,10.0,72,8.0,30.12,7997.007960855446
0.4305772229999999,49,22,7.7,4,7.0,83,10.0,30.1,1087.3774494762426
0.7113884559999999,49,22,7.7,2,10.0,77,9.0,30.09,-150.99544380853854
0.992199688,49,22,7.7,3,10.0,89,7.0,30.1,-220.6331636779882
0.968944099,49,22,6.0,3,10.0,89,3.0,30.09,-136.86075822922328
0.689440994,49,22,6.0,3,10.0,86,6.0,30.09,-136.86075822922328
0.409937888,49,22,6.0,2,10.0,86,0.0,30.14,3198.8010732140274
0.130434783,49,22,6.0,2,10.0,77,5.0,30.2,11974.642283309506
0.149068323,49,22,6.0,1,10.0,66,5.0,30.17,21737.102757554963
0.428571429,49,22,6.0,3,10.0,59,8.0,30.15,6653.264493376309
0.7080745340000001,49,22,6.0,4,10.0,74,6.0,30.15,93.5991271399004
0.98757764,49,22,6.0,4,10.0,71,13.0,30.1,342.9570784836847
0.965944272,49,21,8.1,4,8.0,80,10.0,30.02,-297.96654479764095
0.687306502,49,21,8.1,4,5.0,80,21.0,29.96,-219.04568572490615
0.408668731,49,21,8.1,3,10.0,89,0.0,29.97,2067.4791293106728
0.13003096,49,21,8.1,2,10.0,71,7.0,29.98,10772.59137020142
0.148606811,49,21,8.1,2,10.0,57,10.0,29.96,24416.274768890176
0.427244582,49,21,8.1,4,4.0,83,11.0,29.96,862.8452893705006
0.705882353,49,21,8.1,3,10.0,83,8.0,29.94,-464.4781864855301
0.984520124,49,21,8.1,3,10.0,80,6.0,29.97,-348.5735222573991
0.962962963,48,14,12.3,2,10.0,86,6.0,29.98,-327.35453271531884
0.685185185,48,14,12.3,3,10.0,89,7.0,29.98,-348.5735222573991
0.4074074070000001,48,14,12.3,3,10.0,93,8.0,30.01,2097.5866497741767
0.12962963,48,14,12.3,3,10.0,80,11.0,30.04,4901.0026041227775
0.148148148,48,14,12.3,3,10.0,64,15.0,29.99,17403.552645950454
0.425925926,48,14,12.3,3,10.0,59,17.0,29.94,4271.017608902758
0.703703704,48,14,12.3,4,10.0,69,11.0,29.91,-115.35673112825481
0.981481481,48,14,12.3,3,10.0,66,14.0,29.86,-256.2281416417106
0.96,49,13,16.6,4,10.0,66,23.0,29.79,-8.93754777879547
0.683076923,49,13,16.6,4,8.0,83,24.0,29.74,77.37527510134488
0.406153846,49,13,16.6,4,4.0,93,22.0,29.73,933.9478410991835
0.129230769,49,13,16.6,4,5.0,89,20.0,29.75,1405.3546706235663
0.147692308,49,13,16.6,4,10.0,83,24.0,29.7,3720.876467467141
0.424615385,49,13,16.6,4,4.0,83,16.0,29.71,468.83071107709986
0.701538462,49,13,16.6,4,4.0,93,14.0,29.64,-248.84945639556003
0.978461538,49,13,16.6,4,5.0,93,7.0,29.62,-278.9569768590643
0.957055215,51,15,12.6,4,10.0,89,9.0,29.59,-304.3818155847151
0.680981595,51,15,12.6,4,10.0,80,13.0,29.52,-304.3818155847151
0.404907975,51,15,12.6,4,4.0,89,14.0,29.48,747.8062326049484
0.1288343559999999,51,15,12.6,4,8.0,89,9.0,29.56,1372.702914077826
0.147239264,51,15,12.6,3,10.0,74,11.0,29.61,11953.959489817904
0.423312883,51,15,12.6,3,10.0,66,17.0,29.64,3223.0355322144364
0.6993865029999999,51,15,12.6,4,10.0,83,15.0,29.68,-304.3818155847151
0.975460123,51,15,12.6,3,10.0,83,14.0,29.71,-470.8934572726043
0.95412844,51,18,11.8,3,10.0,86,14.0,29.74,-470.8934572726043
0.678899083,51,18,11.8,4,4.0,80,14.0,29.74,-304.3818155847151
0.403669725,51,18,11.8,4,10.0,80,11.0,29.79,131.24233778808224
0.128440367,51,18,11.8,3,10.0,72,14.0,29.87,9039.30740565573
0.146788991,51,18,11.8,4,10.0,74,17.0,29.92,7638.718744984804
0.4220183489999999,51,18,11.8,3,10.0,80,6.0,29.96,1806.295244244008
0.697247706,51,18,11.8,3,10.0,83,6.0,30.02,-348.5735222573991
0.972477064,51,18,11.8,3,10.0,86,6.0,30.1,-220.6331636779882
0.949771689,50,7,3.8,3,10.0,93,5.0,30.15,-71.03742630081646
0.675799087,50,7,3.8,2,10.0,93,5.0,30.18,-49.81843675873623
0.401826484,50,7,3.8,1,10.0,93,0.0,30.22,3098.77025181947
0.127853881,50,7,3.8,3,10.0,83,8.0,30.25,6032.543758122693
0.146118721,50,7,3.8,3,10.0,75,6.0,30.21,12567.543253120728
0.420091324,50,7,3.8,4,10.0,62,0.0,30.19,5029.1062836346955
0.6940639270000001,50,7,3.8,3,10.0,67,0.0,30.2,562.4042349123241
0.96803653,50,7,3.8,2,10.0,77,0.0,30.2,-31.507226894871124
0.946889226,53,16,3.0,0,10.0,86,3.0,30.19,-49.81843675873623
0.673748103,53,16,3.0,0,10.0,93,0.0,30.17,-49.81843675873623
0.40060698,53,16,3.0,1,10.0,93,0.0,30.2,3098.77025181947
0.127465857,53,16,3.0,1,10.0,83,6.0,30.22,11913.729296934658
0.145675266,53,16,3.0,2,10.0,72,3.0,30.18,17374.319104904156
0.418816388,53,16,3.0,2,10.0,40,10.0,30.13,6308.0118529620695
0.6919575109999999,53,16,3.0,1,10.0,69,6.0,30.14,168.76794246583432
0.965098634,53,16,3.0,0,10.0,69,0.0,30.16,168.76794246583432
0.942511346,54,32,1.3,2,10.0,77,3.0,30.17,7.088264688223795
0.670196672,54,32,1.3,3,10.0,80,0.0,30.18,-66.45381367055712
0.397881997,54,32,1.3,3,10.0,86,3.0,30.18,1780.8695950793342
0.1255673219999999,54,32,1.3,3,10.0,69,5.0,30.19,7194.55660424218
0.146747352,54,32,1.3,3,10.0,60,0.0,30.13,4441.576889146133
0.419062027,54,32,1.3,4,10.0,58,0.0,30.07,1006.1912267085205
0.691376702,54,32,1.3,2,10.0,75,0.0,30.05,-36.29914611301505
0.963691377,54,32,1.3,1,10.0,74,5.0,30.06,4.635986987752453
0.938253012,55,14,6.9,1,10.0,83,3.0,30.06,-201.04817355181007
0.667168675,55,14,6.9,2,10.0,93,0.0,30.06,-201.04817355181007
0.396084337,55,14,6.9,3,10.0,86,3.0,30.05,3006.72205425637
0.125,55,14,6.9,3,10.0,83,6.0,30.05,7875.388093764335
0.1460843369999999,55,14,6.9,4,10.0,83,0.0,30.04,7237.944833852449
0.417168675,55,14,6.9,4,10.0,62,6.0,30.0,4179.283899106327
0.688253012,55,14,6.9,4,10.0,78,24.0,29.93,120.36201400938495
0.959337349,55,14,6.9,4,10.0,78,15.0,29.92,-164.8001439380377
0.934032984,56,15,9.4,4,10.0,78,20.0,29.97,-315.6319004889602
0.664167916,56,15,9.4,4,10.0,86,0.0,29.97,-328.0740652611453
0.394302849,56,15,9.4,4,3.0,93,10.0,29.96,544.1499833405843
0.124437781,56,15,9.4,4,4.0,93,7.0,29.99,1762.022110306138
0.145427286,56,15,9.4,4,4.0,90,7.0,29.99,5028.910681773253
0.415292354,56,15,9.4,4,3.0,90,13.0,29.99,788.8829978433489
0.685157421,56,15,9.4,4,10.0,83,7.0,29.99,-328.0740652611453
0.955022489,56,15,9.4,4,9.0,90,11.0,30.02,-293.0079772520578
0.931240658,57,17,14.6,4,9.0,93,0.0,30.02,-300.0431870880847
0.662182362,57,17,14.6,4,10.0,90,6.0,30.01,-300.0431870880847
0.393124066,57,17,14.6,4,8.0,87,25.0,30.0,1519.9280553729975
0.12406577,57,17,14.6,4,9.0,87,26.0,30.07,3881.911538379396
0.1449925259999999,57,17,14.6,4,10.0,84,18.0,30.07,5112.8579493748975
0.414050822,57,17,14.6,3,10.0,81,15.0,30.07,2094.341765164959
0.683109118,57,17,14.6,4,8.0,87,16.0,30.09,-137.0367404995863
0.952167414,57,17,14.6,4,6.0,90,14.0,30.13,-137.0367404995863
0.928464978,55,27,5.3,4,6.0,90,10.0,30.15,45.483800908414786
0.660208644,55,27,5.3,4,10.0,96,3.0,30.17,15.37628044491046
0.39195231,55,27,5.3,3,9.0,100,3.0,30.18,3786.4637953146976
0.123695976,55,27,5.3,1,10.0,78,5.0,30.19,19700.752990950634
0.144560358,55,27,5.3,2,10.0,72,5.0,30.17,25211.109364964457
0.412816692,55,27,5.3,3,10.0,60,13.0,30.12,9300.007611338297
0.681073025,55,27,5.3,3,10.0,77,8.0,30.08,243.60714164784838
0.949329359,55,27,5.3,3,10.0,86,5.0,30.08,-30.472686141361514
0.924332344,56,17,7.6,3,10.0,83,6.0,30.07,-319.3780219662444
0.65727003,56,17,7.6,3,10.0,86,5.0,30.08,-319.3780219662444
0.390207715,56,17,7.6,3,10.0,86,8.0,30.11,3060.5037474298742
0.123145401,56,17,7.6,3,10.0,77,6.0,30.15,9016.465999898499
0.143916914,56,17,7.6,3,10.0,58,13.0,30.15,24062.387369259955
0.410979228,56,17,7.6,4,10.0,72,11.0,30.13,3909.8453889903167
0.678041543,56,17,7.6,4,10.0,80,10.0,30.14,-190.26758006681325
0.945103858,56,17,7.6,4,10.0,80,9.0,30.15,-190.26758006681325
0.921597633,53,27,11.1,3,10.0,90,9.0,30.14,-58.78806153660385
0.655325444,53,27,11.1,4,4.0,96,11.0,30.15,-33.33003699476687
0.3890532539999999,53,27,11.1,4,10.0,90,7.0,30.16,1592.8237257956791
0.122781065,53,27,11.1,3,10.0,80,9.0,30.22,12981.859768445367
0.143491124,53,27,11.1,3,10.0,75,14.0,30.21,21796.4792339223
0.409763314,53,27,11.1,2,10.0,67,22.0,30.18,7792.045596542912
0.6760355029999999,53,27,11.1,2,10.0,74,13.0,30.21,19.712584367760176
0.942307692,53,27,11.1,2,10.0,77,8.0,30.23,14.754016822177057
0.91740413,52,32,5.2,0,10.0,74,6.0,30.23,260.06812031644256
0.651917404,52,32,5.2,1,10.0,74,5.0,30.21,260.06812031644256
0.3864306779999999,52,32,5.2,3,10.0,74,5.0,30.23,5352.551596526273
0.120943953,52,32,5.2,2,10.0,66,8.0,30.21,22639.415187392497
0.144542773,52,32,5.2,3,10.0,64,6.0,30.17,24356.064822127802
0.4100294989999999,52,32,5.2,3,10.0,62,0.0,30.14,8294.193374080005
0.6755162240000001,52,32,5.2,3,10.0,67,0.0,30.1,853.9795821236376
0.94100295,52,32,5.2,2,10.0,69,0.0,30.12,460.3432896771477
0.913362702,55,10,3.1,3,10.0,77,6.0,30.11,-52.726216436951354
0.649045521,55,10,3.1,3,10.0,80,5.0,30.06,-203.15051470033643
0.384728341,55,10,3.1,3,10.0,71,0.0,30.04,5759.443327914742
0.12041116,55,10,3.1,4,10.0,69,3.0,30.05,3803.6278756841225
0.143906021,55,10,3.1,4,10.0,70,5.0,30.01,8062.152489396625
0.408223201,55,10,3.1,4,10.0,75,5.0,29.96,1438.6553013486214
0.672540382,55,10,3.1,4,10.0,75,3.0,29.97,-254.71187508072308
0.936857562,55,10,3.1,4,10.0,83,0.0,29.97,-232.0879518438207
0.910688141,59,14,9.9,4,10.0,90,11.0,29.98,-293.0079772520578
0.647144949,59,14,9.9,3,10.0,80,6.0,29.98,-348.5735222573991
0.383601757,59,14,9.9,4,10.0,86,5.0,30.04,840.4294130518127
0.120058565,59,14,9.9,4,10.0,83,5.0,30.04,2328.4472094630128
0.143484627,59,14,9.9,4,10.0,87,16.0,29.97,6446.698597497833
0.407027818,59,14,9.9,4,9.0,90,23.0,29.87,1161.147485369164
0.67057101,59,14,9.9,4,10.0,90,3.0,29.92,-328.0740652611453
0.934114202,59,14,9.9,4,10.0,78,25.0,29.93,10.592831007944694
0.906705539,57,19,20.8,3,10.0,87,20.0,29.94,-319.24276084551576
0.644314869,57,19,20.8,3,10.0,87,17.0,29.91,-319.24276084551576
0.381924198,57,19,20.8,4,3.0,93,17.0,29.91,1305.9493037974635
0.119533528,57,19,20.8,4,8.0,90,11.0,29.91,3745.5753524537095
0.142857143,57,19,20.8,4,1.5,86,22.0,29.9,6593.571416262033
0.4052478129999999,57,19,20.8,2,10.0,67,33.0,29.89,5883.072876528142
0.667638484,57,19,20.8,4,10.0,75,26.0,29.89,50.534334239569134
0.930029155,57,19,20.8,3,10.0,67,22.0,29.94,-90.96059061275139
0.904069767,54,20,17.3,3,10.0,75,20.0,29.94,-341.8666840824182
0.64244186,54,20,17.3,3,10.0,75,18.0,29.91,-341.8666840824182
0.380813953,54,20,17.3,3,10.0,75,24.0,29.9,2843.97135184987
0.1191860469999999,54,20,17.3,3,8.0,90,11.0,29.95,8389.50395726339
0.14244186,54,20,17.3,3,9.0,83,17.0,29.91,12386.54901127724
0.404069767,54,20,17.3,3,10.0,55,24.0,29.86,6879.961913101477
0.665697674,54,20,17.3,3,10.0,64,20.0,29.85,-42.113671975379
0.927325581,54,20,17.3,3,9.0,89,9.0,29.88,-330.6165991781731
0.9,50,18,7.9,3,10.0,74,8.0,29.89,-493.5173805095066
0.639130435,50,18,7.9,2,10.0,83,5.0,29.91,-473.36671740695414
0.37826087,50,18,7.9,3,10.0,80,6.0,29.96,2109.760696453354
0.117391304,50,18,7.9,3,10.0,77,5.0,30.03,6421.4273546302375
0.143478261,50,18,7.9,3,10.0,57,13.0,30.03,21378.755335996586
0.404347826,50,18,7.9,3,10.0,55,11.0,30.03,6923.239413227799
0.665217391,50,18,7.9,3,10.0,71,9.0,30.05,-151.32345908351414
0.926086957,50,18,7.9,2,10.0,71,10.0,30.07,-89.16933644066646
0.896103896,52,27,7.3,4,10.0,83,5.0,30.1,8.473340019916659
0.636363636,52,27,7.3,4,9.0,96,10.0,30.11,38.58086048342096
0.376623377,52,27,7.3,3,10.0,77,6.0,30.14,4250.732124317513
0.116883117,52,27,7.3,3,10.0,80,3.0,30.18,14150.373311901018
0.142857143,52,27,7.3,3,10.0,69,5.0,30.16,20911.351730953855
0.4025974029999999,52,27,7.3,3,10.0,62,10.0,30.13,8320.517073963792
0.662337662,52,27,7.3,3,10.0,72,10.0,30.13,210.73406411141286
0.922077922,52,27,7.3,2,10.0,77,7.0,30.14,61.515961382443706
0.89352518,52,28,12.6,3,10.0,77,14.0,30.14,-1.5064051743200384
0.634532374,52,28,12.6,2,10.0,71,9.0,30.14,155.08358862972216
0.375539568,52,28,12.6,4,10.0,80,3.0,30.14,1592.8237257956791
0.116546763,52,28,12.6,3,10.0,67,14.0,30.15,17819.653506096176
0.142446043,52,28,12.6,3,10.0,64,17.0,30.13,23590.987901968503
0.401438849,52,28,12.6,3,10.0,64,18.0,30.1,7846.9381443023
0.660431655,52,28,12.6,2,10.0,77,15.0,30.11,19.712584367760176
0.91942446,52,28,12.6,1,10.0,80,11.0,30.11,-32.6105044489405
0.8896848140000001,52,28,6.3,1,10.0,86,6.0,30.1,16.095812990736942
0.6318051579999999,52,28,6.3,1,10.0,93,0.0,30.08,10.699984460168672
0.373925501,52,28,6.3,1,10.0,93,0.0,30.11,3807.6827848567777
0.116045845,52,28,6.3,1,10.0,80,6.0,30.15,18616.946889528608
0.141833811,52,28,6.3,1,10.0,75,3.0,30.12,24199.50420365164
0.399713467,52,28,6.3,2,10.0,67,14.0,30.07,8141.732652204687
0.657593123,52,28,6.3,1,10.0,77,13.0,30.07,363.70067132211346
0.915472779,52,28,6.3,0,10.0,80,8.0,30.07,232.45672343267785
0.971428571,52,26,13.4,3,10.0,83,6.0,30.07,-114.2450915901264
0.7142857140000001,52,26,13.4,4,10.0,83,3.0,30.03,-143.18252873361052
0.457142857,52,26,13.4,4,10.0,77,9.0,30.03,1106.2816941841315
0.2,52,26,13.4,2,10.0,72,5.0,30.03,20185.310450359473
0.057142857,52,26,13.4,1,10.0,59,17.0,30.01,32880.49717823407
0.314285714,52,26,13.4,1,10.0,64,22.0,29.97,14470.272969499572
0.571428571,52,26,13.4,1,10.0,71,10.0,29.96,39.36205179919843
0.828571429,52,26,13.4,1,10.0,61,24.0,29.98,796.5561186125816
0.967283073,49,29,13.2,1,10.0,58,18.0,30.01,585.6891293270669
0.711237553,49,29,13.2,0,10.0,65,10.0,30.04,120.58475614020604
0.4551920339999999,49,29,13.2,1,10.0,53,14.0,30.07,5117.786588431806
0.199146515,49,29,13.2,1,10.0,48,11.0,30.12,22794.594200337655
0.056899004,49,29,13.2,1,10.0,45,15.0,30.12,33097.44799165005
0.312944523,49,29,13.2,1,10.0,50,18.0,30.11,16786.120635104657
0.568990043,49,29,13.2,0,10.0,63,16.0,30.13,654.2109137353573
0.8250355620000001,49,29,13.2,0,10.0,68,8.0,30.16,180.5471721759668
0.964539007,48,27,6.3,0,10.0,65,5.0,30.17,792.697959939078
0.709219858,48,27,6.3,0,10.0,79,3.0,30.16,207.74503149974174
0.4539007089999999,48,27,6.3,0,10.0,77,6.0,30.18,3270.1421452250793
0.19858156,48,27,6.3,1,10.0,71,3.0,30.2,21097.527380600324
0.056737589,48,27,6.3,1,10.0,45,3.0,30.14,33638.945401448545
0.312056738,48,27,6.3,1,10.0,53,17.0,30.08,17258.762920142108
0.5673758870000001,48,27,6.3,1,10.0,61,17.0,30.07,1005.8892103561141
0.822695035,48,27,6.3,3,10.0,71,6.0,30.09,379.1787025819072
0.961810467,50,28,5.9,3,10.0,73,0.0,30.07,373.7828740513389
0.707213579,50,28,5.9,1,10.0,73,3.0,30.04,351.43980430086
0.45261669,50,28,5.9,1,10.0,79,0.0,30.05,3127.2805893356795
0.198019802,50,28,5.9,1,10.0,74,5.0,30.07,21092.131552069754
0.056577086,50,28,5.9,1,10.0,41,0.0,30.03,33121.862566928154
0.311173975,50,28,5.9,2,10.0,57,14.0,30.0,16895.21430343761
0.565770863,50,28,5.9,0,10.0,69,16.0,30.02,505.4820809627347
0.8203677509999999,50,28,5.9,0,10.0,77,7.0,30.06,254.67229178587428
0.957686883,51,28,9.5,1,10.0,86,6.0,30.07,-73.07242098859622
0.703808181,51,28,9.5,1,10.0,86,0.0,30.07,-73.07242098859622
0.449929478,51,28,9.5,1,10.0,89,5.0,30.1,2262.7048346424453
0.196050776,51,28,9.5,1,10.0,77,5.0,30.13,20641.747213038514
0.057827927,51,28,9.5,1,10.0,62,14.0,30.1,32755.04659046198
0.311706629,51,28,9.5,1,10.0,72,20.0,30.1,15438.648239217493
0.565585331,51,28,9.5,1,10.0,83,17.0,30.1,-32.6105044489405
0.819464034,51,28,9.5,1,10.0,86,13.0,30.15,-32.6105044489405
0.953651685,52,27,11.5,1,10.0,89,10.0,30.15,-37.56907199452362
0.700842697,52,27,11.5,4,10.0,89,7.0,30.15,-68.39612500385431
0.448033708,52,27,11.5,4,10.0,83,0.0,30.16,1189.007510690618
0.195224719,52,27,11.5,2,10.0,77,5.0,30.18,20641.747213038514
0.05758427,52,27,11.5,1,10.0,72,14.0,30.12,30266.866682037744
0.310393258,52,27,11.5,1,10.0,72,24.0,30.09,15735.11020178463
0.563202247,52,27,11.5,2,10.0,83,14.0,30.07,-57.96001403895874
0.8160112359999999,52,27,11.5,4,10.0,77,13.0,30.1,18.99305182193383
0.950980392,51,27,12.9,4,10.0,77,15.0,30.08,-6.356457768084399
0.6988795520000001,51,27,12.9,4,10.0,71,11.0,30.06,133.97311403946065
0.446778711,51,27,12.9,4,10.0,66,9.0,30.05,3246.6899117231837
0.194677871,51,27,12.9,4,10.0,66,17.0,30.08,12904.232648890455
0.057422969,51,27,12.9,4,10.0,64,17.0,30.05,23128.820009780527
0.30952381,51,27,12.9,4,10.0,64,16.0,30.03,11042.63376303853
0.56162465,51,27,12.9,4,10.0,74,13.0,30.04,-81.79678458106555
0.81372549,51,27,12.9,3,10.0,77,10.0,30.05,-72.74961541068888
0.947001395,55,18,8.2,4,10.0,77,8.0,30.05,-271.15357389480545
0.69595537,55,18,8.2,4,6.0,93,5.0,30.04,-313.14236483362095
0.444909344,55,18,8.2,4,4.0,96,7.0,30.08,978.7664645730653
0.1938633189999999,55,18,8.2,4,10.0,90,6.0,30.12,3808.0558164271415
0.0571827059999999,55,18,8.2,4,10.0,78,10.0,30.12,6609.385449096685
0.308228731,55,18,8.2,4,10.0,75,13.0,30.11,4262.960485561514
0.559274756,55,18,8.2,3,10.0,80,8.0,30.13,-190.52564321448386
0.8103207809999999,55,18,8.2,3,10.0,83,7.0,30.17,-220.6331636779882
0.942976356,59,20,8.6,4,10.0,90,13.0,30.17,-91.10532714549512
0.6926286509999999,59,20,8.6,4,6.0,96,9.0,30.18,-170.02618621822995
0.442280946,59,20,8.6,4,10.0,96,7.0,30.22,1144.386450280049
0.191933241,59,20,8.6,4,9.0,87,11.0,30.26,5255.8613104274145
0.058414465,59,20,8.6,3,10.0,72,10.0,30.26,14499.711943913335
0.30876217,59,20,8.6,3,10.0,70,16.0,30.25,7110.097868444596
0.559109875,59,20,8.6,3,10.0,87,8.0,30.26,-190.52564321448386
0.80945758,59,20,8.6,4,5.0,93,6.0,30.29,-200.13370668173428
0.939058172,58,28,9.0,2,10.0,93,6.0,30.28,-67.67659245802795
0.6897506929999999,58,28,9.0,4,10.0,96,5.0,30.28,-68.39612500385431
0.4404432129999999,58,28,9.0,4,10.0,90,0.0,30.3,1189.007510690618
0.1911357339999999,58,28,9.0,3,10.0,75,6.0,30.31,15964.727362573729
0.058171745,58,28,9.0,3,10.0,72,5.0,30.28,26321.577281643837
0.307479224,58,28,9.0,2,10.0,78,15.0,30.24,15034.880597014135
0.556786704,58,28,9.0,3,10.0,86,22.0,30.24,76.77975531405995
0.806094183,58,28,9.0,2,10.0,90,14.0,30.24,-32.6105044489405
0.936464088,58,29,8.0,2,10.0,93,10.0,30.23,-37.56907199452362
0.6878453040000001,58,29,8.0,2,10.0,93,6.0,30.22,-67.67659245802795
0.439226519,58,29,8.0,4,8.0,90,0.0,30.22,1189.007510690618
0.190607735,58,29,8.0,3,7.0,83,0.0,30.22,15102.087044286476
0.05801105,58,29,8.0,3,8.0,75,5.0,30.16,26518.698354295062
0.306629834,58,29,8.0,3,10.0,61,17.0,30.1,14979.34359274617
0.555248619,58,29,8.0,3,10.0,72,17.0,30.07,207.3896296298085
0.8038674029999999,58,29,8.0,2,10.0,77,8.0,30.05,-31.5769448091587
0.931224209,59,28,12.4,3,10.0,80,3.0,30.04,-96.91833672246827
0.6836313620000001,59,28,12.4,3,10.0,86,8.0,30.02,-81.74251668648832
0.436038514,59,28,12.4,1,9.0,86,13.0,30.03,2099.3038069025824
0.1884456669999999,59,28,12.4,2,10.0,78,3.0,30.03,20019.013054248604
0.05914718,59,28,12.4,2,10.0,67,20.0,29.99,30794.717396364027
0.306740028,59,28,12.4,2,10.0,70,24.0,29.97,16403.944139746174
0.554332875,59,28,12.4,1,10.0,77,17.0,29.95,-135.3112702783813
0.801925722,59,28,12.4,2,10.0,86,16.0,29.96,-55.56495959882495
0.92866941,54,27,15.6,1,10.0,90,14.0,29.95,-170.5002964011257
0.68175583,54,27,15.6,4,10.0,93,18.0,29.95,-80.08556255146257
0.43484225,54,27,15.6,4,8.0,96,14.0,29.96,1001.8054125439439
0.187928669,54,27,15.6,3,9.0,83,10.0,29.97,14877.791812013982
0.0589849109999999,54,27,15.6,1,10.0,75,20.0,29.94,31321.08674522449
0.305898491,54,27,15.6,3,9.0,83,24.0,29.91,12773.198219743319
0.552812071,54,27,15.6,2,10.0,83,14.0,29.9,-181.87413473378297
0.799725652,54,27,15.6,2,10.0,86,11.0,29.91,-170.5002964011257
0.924863388,52,22,10.9,4,10.0,83,14.0,29.93,-239.85402240240307
0.6789617490000001,52,22,10.9,4,10.0,86,16.0,29.92,-239.85402240240307
0.4330601089999999,52,22,10.9,3,10.0,77,7.0,29.95,1520.9152779385568
0.18715847,52,22,10.9,3,10.0,69,10.0,29.97,10133.204721264181
0.058743169,52,22,10.9,4,10.0,77,13.0,29.97,6933.411841709945
0.3046448089999999,52,22,10.9,4,10.0,78,17.0,29.95,4843.720105523506
0.550546448,52,22,10.9,4,10.0,80,10.0,29.93,-190.7057569925903
0.796448087,52,22,10.9,3,10.0,74,0.0,29.94,-464.0556753362818
0.920980926,49,29,22.1,4,10.0,86,10.0,29.95,-134.12443675877046
0.675749319,49,29,22.1,4,10.0,77,20.0,30.0,-117.77791349725413
0.430517711,49,29,22.1,3,10.0,66,26.0,30.08,3364.9492497628794
0.1852861039999999,49,29,22.1,2,10.0,59,29.0,30.18,21707.389632663322
0.059945504,49,29,22.1,2,10.0,54,26.0,30.21,24119.534910686423
0.305177112,49,29,22.1,1,10.0,55,26.0,30.22,16687.85368368016
0.550408719,49,29,22.1,1,10.0,61,26.0,30.26,799.5205599512742
0.795640327,49,29,22.1,1,10.0,63,16.0,30.31,370.8043656249589
0.917232022,49,29,13.5,0,10.0,65,5.0,30.34,517.2763359813091
0.672998643,49,29,13.5,0,10.0,70,5.0,30.33,184.92166571937832
0.428765265,49,29,13.5,1,10.0,63,7.0,30.36,4882.84767538642
0.184531886,49,29,13.5,0,10.0,43,18.0,30.38,22680.49523112816
0.059701493,49,29,13.5,0,10.0,43,16.0,30.35,32209.312755118142
0.303934871,49,29,13.5,1,10.0,57,28.0,30.3,18441.704888186076
0.54816825,49,29,13.5,1,10.0,64,16.0,30.26,809.1200852145489
0.792401628,49,29,13.5,0,10.0,74,14.0,30.28,19.712584367760176
0.914749662,52,27,10.7,1,10.0,77,8.0,30.27,14.754016822177057
0.671177267,52,27,10.7,0,10.0,83,0.0,30.25,-67.67659245802795
0.427604871,52,27,10.7,1,10.0,80,3.0,30.27,2262.7048346424453
0.184032476,52,27,10.7,0,10.0,67,6.0,30.29,21511.754782739234
0.059539919,52,27,10.7,1,10.0,60,17.0,30.23,32398.69982117386
0.303112314,52,27,10.7,1,10.0,67,21.0,30.19,17625.49625291366
0.546684709,52,27,10.7,2,10.0,80,22.0,30.17,252.90791633533186
0.790257104,52,27,10.7,2,10.0,86,11.0,30.18,-32.6105044489405
0.911051213,55,27,16.1,2,10.0,90,7.0,30.17,-12.144233268872796
0.668463612,55,27,16.1,1,10.0,89,3.0,30.15,-12.144233268872796
0.425876011,55,27,16.1,1,10.0,86,5.0,30.16,2318.2371938316
0.18328841,55,27,16.1,2,10.0,67,11.0,30.17,22119.267755785844
0.0592991909999999,55,27,16.1,2,10.0,60,20.0,30.13,32156.35215363476
0.301886792,55,27,16.1,3,10.0,62,24.0,30.1,15942.145588551528
0.544474394,55,27,16.1,2,10.0,83,31.0,30.07,283.09076593446895
0.787061995,55,27,16.1,2,10.0,86,25.0,30.1,153.53110404529528
0.908479139,57,27,15.7,3,10.0,90,17.0,30.08,-51.148125407978405
0.666218035,57,27,15.7,2,10.0,90,10.0,30.05,-34.887703411481326
0.423956931,57,27,15.7,1,10.0,86,11.0,30.05,2300.4522912345737
0.181695828,57,27,15.7,1,10.0,72,7.0,30.05,21237.96602424544
0.0605652759999999,57,27,15.7,1,10.0,60,17.0,30.02,32294.36906703662
0.30282638,57,27,15.7,2,10.0,70,24.0,29.98,16968.742089860152
0.545087483,57,27,15.7,2,10.0,77,22.0,29.97,217.54034649456915
0.787348587,57,27,15.7,0,9.0,83,20.0,29.99,-79.36603000563619
0.904825737,62,28,9.9,0,9.0,86,11.0,29.98,-55.56495959882495
0.663538874,62,28,9.9,0,10.0,83,13.0,29.98,-55.56495959882495
0.422252011,62,28,9.9,1,10.0,83,6.0,30.01,2064.2377188934956
0.180965147,62,28,9.9,1,10.0,65,0.0,30.03,21265.37047981531
0.060321716,62,28,9.9,1,10.0,41,14.0,30.01,31743.017187173547
0.301608579,62,28,9.9,1,10.0,52,18.0,29.98,17388.39856129137
0.5428954420000001,62,28,9.9,1,10.0,72,13.0,29.99,251.06173940384497
0.7841823059999999,62,28,9.9,0,10.0,80,9.0,30.0,-60.52352714440807
0.902406417,59,28,12.1,0,10.0,80,3.0,29.99,-90.63104760791241
0.661764706,59,28,12.1,0,10.0,83,3.0,29.97,-90.63104760791241
0.421122995,59,28,12.1,0,9.0,83,5.0,30.0,2064.2377188934956
0.180481283,59,28,12.1,0,9.0,78,6.0,30.0,20019.013054248604
0.0601604279999999,59,28,12.1,1,10.0,55,11.0,29.94,32284.326340414533
0.3008021389999999,59,28,12.1,3,10.0,67,20.0,29.91,13857.161692649834
0.54144385,59,28,12.1,2,10.0,72,21.0,29.89,269.4680388557828
0.7820855609999999,59,28,12.1,2,10.0,83,20.0,29.94,-146.69922599431442
0.89747004,54,28,19.6,1,10.0,86,21.0,29.92,-6.422367899883312
0.657789614,54,28,19.6,4,10.0,93,23.0,29.9,309.88174258387824
0.4181091879999999,54,28,19.6,1,10.0,77,18.0,29.94,1989.9365410908879
0.178428762,54,28,19.6,1,10.0,53,9.0,29.97,24052.620412129072
0.061251664,54,28,19.6,1,10.0,46,22.0,29.97,34193.98837455888
0.300932091,54,28,19.6,0,10.0,51,26.0,29.94,17566.803300959233
0.540612517,54,28,19.6,0,10.0,69,23.0,29.95,690.2966696297264
0.780292943,54,28,19.6,0,10.0,42,13.0,30.01,1045.6893262014871
0.895086321,57,32,15.4,0,10.0,42,28.0,30.01,445.28236402025726
0.6560424970000001,57,32,15.4,0,10.0,42,24.0,30.03,445.28236402025726
0.416998672,57,32,15.4,1,10.0,40,16.0,30.08,5001.863646952374
0.177954847,57,32,15.4,1,10.0,36,13.0,30.11,23681.172683176657
0.061088977,57,32,15.4,0,10.0,24,3.0,30.08,33772.11225810769
0.300132802,57,32,15.4,1,10.0,51,23.0,30.05,18067.08730224136
0.539176627,57,32,15.4,1,10.0,64,18.0,30.06,477.4412220647889
0.778220452,57,32,15.4,0,10.0,71,9.0,30.1,85.72736231192543
0.8915343920000001,57,27,12.6,0,10.0,77,6.0,30.11,-15.353503641327272
0.653439153,57,27,12.6,0,10.0,74,5.0,30.09,-15.353503641327272
0.415343915,57,27,12.6,1,9.0,86,3.0,30.11,2262.7048346424453
0.177248677,57,27,12.6,1,9.0,72,3.0,30.12,20405.06718502093
0.0608465609999999,57,27,12.6,3,10.0,45,16.0,30.07,30339.948427782947
0.298941799,57,27,12.6,2,10.0,52,25.0,30.02,17828.64405747046
0.537037037,57,27,12.6,2,10.0,62,31.0,29.97,1072.3796942718582
0.775132275,57,27,12.6,2,10.0,83,26.0,30.0,218.82782331820837
0.887862797,56,27,19.3,2,10.0,77,26.0,29.98,281.5311205984233
0.6503957779999999,56,27,19.3,0,10.0,77,16.0,29.99,44.267905631667574
0.41292876,56,27,19.3,2,10.0,77,14.0,30.01,4056.9839531015796
0.175461741,56,27,19.3,1,10.0,54,10.0,30.02,24000.788463549197
0.062005277,56,27,19.3,0,10.0,52,25.0,30.0,34214.92329200745
0.299472296,56,27,19.3,0,10.0,60,26.0,29.95,17327.45161508991
0.536939314,56,27,19.3,2,10.0,80,25.0,29.93,454.8324741462764
0.774406332,56,27,19.3,2,10.0,86,20.0,29.97,32.879949915734365
0.8843626809999999,54,27,25.1,4,10.0,93,28.0,29.97,79.91286761777725
0.6478318000000001,54,27,25.1,3,10.0,86,8.0,29.94,-297.59010873038545
0.41130092,54,27,25.1,2,10.0,89,17.0,29.96,2452.2969732003394
0.174770039,54,27,25.1,1,10.0,75,24.0,29.98,20315.020200534356
0.061760841,54,27,25.1,3,10.0,75,32.0,29.96,23586.46212045973
0.298291721,54,27,25.1,2,10.0,64,38.0,29.89,15709.11938262817
0.534822602,54,27,25.1,2,10.0,74,25.0,29.91,276.33615472909645
0.771353482,54,27,25.1,2,10.0,80,28.0,29.94,-10.875376646112855
0.882044561,51,28,18.0,1,10.0,83,22.0,29.94,35.2253648750479
0.646133683,51,28,18.0,2,10.0,77,17.0,29.94,4.9655878160499185
0.410222805,51,28,18.0,1,10.0,71,13.0,30.0,6566.584387590811
0.174311927,51,28,18.0,0,10.0,55,20.0,30.0,23759.428992615394
0.061598952,51,28,18.0,0,10.0,51,26.0,29.98,34266.75524058732
0.29750983,51,28,18.0,1,10.0,51,28.0,29.94,17566.803300959233
0.533420708,51,28,18.0,0,10.0,69,18.0,29.95,453.033454662971
0.769331586,51,28,18.0,0,10.0,71,14.0,30.0,208.39854784602397
0.878590078,53,28,6.0,0,10.0,80,6.0,30.0,184.79057634985713
0.6436031329999999,53,28,6.0,0,10.0,83,6.0,30.02,-6.858642159147628
0.408616188,53,28,6.0,0,10.0,77,0.0,30.04,4345.750544120239
0.173629243,53,28,6.0,0,10.0,37,3.0,30.07,23476.767110606877
0.061357702,53,28,6.0,1,10.0,38,0.0,30.06,32848.52236578025
0.296344648,53,28,6.0,2,10.0,32,17.0,30.02,20692.086588883365
0.531331593,53,28,6.0,1,10.0,50,16.0,30.02,1448.9895333386887
0.7663185379999999,53,28,6.0,0,10.0,50,0.0,30.05,1361.5491031272654
0.875,59,23,3.5,0,10.0,46,0.0,30.06,1203.0950446281379
0.640625,59,23,3.5,0,10.0,61,0.0,30.07,901.476338129195
0.40625,59,23,3.5,1,10.0,71,0.0,30.09,6449.189909057377
0.171875,59,23,3.5,0,10.0,58,5.0,30.1,22266.44406423088
0.0625,59,23,3.5,0,10.0,37,5.0,30.06,28906.740333641555
0.296875,59,23,3.5,0,10.0,17,9.0,30.02,18518.10657751515
0.53125,59,23,3.5,0,10.0,17,6.0,30.02,3819.0551999313725
0.765625,59,23,3.5,0,10.0,39,0.0,30.04,987.5706439995103
0.871595331,62,29,6.4,0,10.0,49,0.0,30.04,752.379544833893
0.638132296,62,29,6.4,0,10.0,50,6.0,30.02,737.4478444063685
0.404669261,62,29,6.4,0,10.0,59,3.0,30.03,7175.220472966527
0.171206226,62,29,6.4,1,10.0,33,7.0,30.01,24780.41778581937
0.062256809,62,29,6.4,3,10.0,31,3.0,29.97,29865.181671348848
0.295719844,62,29,6.4,3,10.0,36,13.0,29.94,14939.937829608549
0.5291828789999999,62,29,6.4,2,10.0,50,9.0,29.92,952.2446741336597
0.762645914,62,29,6.4,1,10.0,64,10.0,29.93,161.2901143385438
0.870466321,56,18,9.9,3,10.0,77,3.0,29.92,-517.2096301859367
0.637305699,56,18,9.9,3,10.0,64,10.0,29.88,-154.35965189674954
0.404145078,56,18,9.9,3,10.0,77,6.0,29.9,1777.4782963656332
0.170984456,56,18,9.9,4,9.0,86,10.0,29.94,3101.264156762177
0.062176166,56,18,9.9,4,10.0,93,3.0,29.92,4155.1636562407875
0.295336788,56,18,9.9,3,10.0,60,20.0,29.92,10184.078847470948
0.528497409,56,18,9.9,3,10.0,93,13.0,29.92,-183.69604328067072
0.761658031,56,18,9.9,4,10.0,80,9.0,29.95,-297.96654479764095
0.8658064520000001,56,21,9.6,4,10.0,86,10.0,29.98,-297.96654479764095
0.633548387,56,21,9.6,3,10.0,86,10.0,29.98,-318.46600179389475
0.4012903229999999,56,21,9.6,3,10.0,83,3.0,30.02,2067.4791293106728
0.169032258,56,21,9.6,3,10.0,72,11.0,30.08,10162.315059701243
0.063225806,56,21,9.6,4,10.0,67,15.0,30.09,6294.507084637868
0.295483871,56,21,9.6,3,10.0,65,16.0,30.06,7707.632118293259
0.527741935,56,21,9.6,2,10.0,75,15.0,30.05,78.81738587541848
0.76,56,21,9.6,2,10.0,75,7.0,30.07,-259.6064287117159
0.863577864,53,20,8.8,4,10.0,77,8.0,30.05,-271.15357389480545
0.6319176320000001,53,20,8.8,4,10.0,77,5.0,30.03,-350.6979884980476
0.4002574,53,20,8.8,4,10.0,74,8.0,30.02,1842.2951199476354
0.168597169,53,20,8.8,4,10.0,77,7.0,30.01,4570.909493452421
0.063063063,53,20,8.8,4,10.0,64,17.0,29.97,10247.154216442295
0.294723295,53,20,8.8,4,10.0,77,11.0,29.92,3631.704695043774
0.526383526,53,20,8.8,4,10.0,77,9.0,29.89,-51.18216316234133
0.758043758,53,20,8.8,4,10.0,80,8.0,29.88,-304.3818155847151
0.86025641,54,27,15.8,4,10.0,83,6.0,29.86,-121.56692134762413
0.629487179,54,27,15.8,4,10.0,86,8.0,29.83,-91.45940088411982
0.3987179489999999,54,27,15.8,4,10.0,83,13.0,29.85,1395.5912101277327
0.167948718,54,27,15.8,3,10.0,67,10.0,29.89,16863.037737365925
0.062820513,54,27,15.8,1,10.0,58,8.0,29.88,32327.33176587681
0.293589744,54,27,15.8,2,10.0,64,29.0,29.88,17188.87134730295
0.524358974,54,27,15.8,2,10.0,71,25.0,29.89,543.8608217728158
0.755128205,54,27,15.8,2,10.0,80,16.0,29.93,-170.5002964011257
0.858056266,54,27,18.0,1,10.0,83,16.0,29.95,-58.2543164797551
0.627877238,54,27,18.0,1,10.0,80,14.0,29.97,32.879949915734365
0.39769821,54,27,18.0,2,10.0,74,8.0,30.04,4492.545608370399
0.167519182,54,27,18.0,2,10.0,64,18.0,30.12,23495.463703692443
0.062659847,54,27,18.0,2,10.0,56,17.0,30.14,33772.689495961364
0.292838875,54,27,18.0,3,10.0,67,23.0,30.15,16682.976561807624
0.523017903,54,27,18.0,3,10.0,83,16.0,30.16,430.7402237822249
0.753196931,54,27,18.0,4,10.0,90,22.0,30.21,148.59455387459556
0.853503185,56,27,17.5,4,10.0,96,17.0,30.24,106.94682109966422
0.624203822,56,27,17.5,4,10.0,90,20.0,30.23,106.94682109966422
0.394904459,56,27,17.5,2,10.0,86,9.0,30.26,3380.1453274719684
0.165605096,56,27,17.5,1,10.0,65,9.0,30.27,24212.336450028568
0.063694268,56,27,17.5,2,10.0,65,18.0,30.26,33489.45107523925
0.292993631,56,27,17.5,2,10.0,70,22.0,30.22,18774.02843393045
0.522292994,56,27,17.5,2,10.0,80,25.0,30.2,493.6069460992363
0.751592357,56,27,17.5,2,10.0,83,17.0,30.21,107.6663536454906
0.85133418,55,27,19.6,2,10.0,90,13.0,30.17,107.6663536454906
0.622617535,55,27,19.6,3,10.0,90,20.0,30.13,86.4473641034104
0.393900889,55,27,19.6,4,10.0,93,15.0,30.13,2384.730566716063
0.165184244,55,27,19.6,3,10.0,75,16.0,30.11,18265.754368490252
0.063532402,55,27,19.6,3,10.0,60,21.0,30.07,32036.07281170791
0.292249047,55,27,19.6,3,10.0,53,31.0,30.0,17276.511879673533
0.520965693,55,27,19.6,3,10.0,69,28.0,29.96,708.3799979032639
0.749682338,55,27,19.6,2,10.0,71,17.0,29.97,156.56659926615214
0.8491761720000001,50,29,26.6,3,10.0,71,21.0,29.96,-114.96252946619364
0.62103929,50,29,26.6,2,10.0,61,16.0,29.96,235.72277237712893
0.392902408,50,29,26.6,1,10.0,58,16.0,29.97,6408.85238473675
0.164765526,50,29,26.6,1,10.0,47,28.0,29.95,21119.08752596764
0.0633713559999999,50,29,26.6,1,10.0,49,40.0,29.94,25888.622937414755
0.291508238,50,29,26.6,2,10.0,61,39.0,29.91,18085.655494962222
0.51964512,50,29,26.6,2,10.0,68,32.0,29.92,376.94652788252716
0.747782003,50,29,26.6,0,10.0,63,16.0,29.97,22.210494740232093
0.8459595959999999,49,28,20.5,1,10.0,66,11.0,30.0,222.85760317963525
0.618686869,49,28,20.5,0,10.0,68,5.0,30.02,198.7960433831811
0.391414141,49,28,20.5,0,10.0,61,17.0,30.07,7920.1505642343955
0.164141414,49,28,20.5,1,10.0,49,21.0,30.11,26351.52221687107
0.063131313,49,28,20.5,1,10.0,51,25.0,30.1,34166.706325859144
0.29040404,49,28,20.5,1,10.0,57,30.0,30.11,20527.254323848836
0.517676768,49,28,20.5,1,10.0,71,28.0,30.13,894.5521857029448
0.744949495,49,28,20.5,1,10.0,80,17.0,30.19,107.6663536454906
0.84256927,52,27,17.2,1,10.0,83,15.0,30.22,107.6663536454906
0.6158690179999999,52,27,17.2,2,10.0,83,17.0,30.23,107.6663536454906
0.389168766,52,27,17.2,3,10.0,80,15.0,30.27,4262.32958738575
0.162468514,52,27,17.2,1,10.0,59,3.0,30.28,26844.495688040137
0.064231738,52,27,17.2,1,10.0,57,21.0,30.27,33953.28036538977
0.29093199,52,27,17.2,3,10.0,62,24.0,30.25,17853.869915360137
0.517632242,52,27,17.2,2,10.0,74,29.0,30.22,782.25349206846
0.744332494,52,27,17.2,1,10.0,77,22.0,30.25,201.6371752371226
0.8393977420000001,57,28,12.1,1,10.0,80,11.0,30.24,-32.6105044489405
0.613550816,57,28,12.1,1,10.0,86,0.0,30.23,-67.67659245802795
0.38770389,57,28,12.1,1,10.0,83,0.0,30.26,3209.760948914034
0.161856964,57,28,12.1,3,10.0,67,6.0,30.26,17304.250548566648
0.063989962,57,28,12.1,3,10.0,42,14.0,30.21,30299.463761323528
0.289836888,57,28,12.1,2,10.0,63,26.0,30.17,19888.635335780702
0.515683814,57,28,12.1,2,10.0,83,13.0,30.14,1754.9691166554442
0.74153074,57,28,12.1,4,10.0,93,20.0,30.16,-33.33003699476687
0.838345865,59,30,8.3,2,10.0,96,9.0,30.13,-37.56907199452362
0.612781955,59,30,8.3,1,10.0,93,3.0,30.11,-67.67659245802795
0.387218045,59,30,8.3,4,1.75,96,6.0,30.15,1679.94024706299
0.161654135,59,30,8.3,1,7.0,83,5.0,30.14,18812.180894843503
0.063909774,59,30,8.3,1,10.0,49,14.0,30.09,31323.73780127499
0.289473684,59,30,8.3,1,10.0,53,11.0,30.06,19866.008489777014
0.5150375939999999,59,30,8.3,1,10.0,75,10.0,30.05,1756.0026762952261
0.740601504,59,30,8.3,0,10.0,80,7.0,30.07,-73.07242098859622
0.83625,69,30,3.9,0,10.0,75,0.0,30.07,145.81656128472173
0.61125,69,30,3.9,0,10.0,74,0.0,30.06,145.81656128472173
0.38625,69,30,3.9,0,10.0,78,0.0,30.09,4775.395124136707
0.16125,69,30,3.9,0,10.0,75,3.0,30.11,22129.4619116864
0.06375,69,30,3.9,0,10.0,48,0.0,30.07,29744.304491707142
0.28875,69,30,3.9,0,10.0,43,5.0,30.02,18610.14126497643
0.51375,69,30,3.9,1,10.0,40,15.0,30.01,2810.588548295719
0.73875,69,30,3.9,0,10.0,51,5.0,30.04,-217.548665883406
0.833125778,75,31,5.5,0,10.0,61,3.0,30.04,330.13887655983154
0.608966376,75,31,5.5,0,10.0,87,0.0,30.02,63.72113788014468
0.3848069739999999,75,31,5.5,1,10.0,78,3.0,30.06,4621.140848853227
0.160647572,75,31,5.5,1,9.0,73,7.0,30.05,20076.118398668725
0.0635118309999999,75,31,5.5,1,10.0,60,6.0,30.0,30826.265070868172
0.287671233,75,31,5.5,2,10.0,18,11.0,29.94,19874.440643781112
0.511830635,75,31,5.5,2,10.0,32,15.0,29.95,4567.498199749896
0.735990037,75,31,5.5,0,10.0,44,0.0,29.98,-97.32704907112158
0.829813665,74,29,6.7,1,10.0,70,0.0,29.95,144.0369180808009
0.60621118,74,29,6.7,2,10.0,68,3.0,29.93,109.5549040738853
0.382608696,74,29,6.7,3,10.0,70,0.0,29.95,5997.160094540248
0.159006211,74,29,6.7,3,10.0,70,5.0,29.94,18315.38545527754
0.064596273,74,29,6.7,3,10.0,52,3.0,29.9,25444.125221926526
0.288198758,74,29,6.7,3,10.0,27,23.0,29.86,17052.504062304717
0.511801242,74,29,6.7,3,10.0,30,16.0,29.84,4151.8611396193755
0.735403727,74,29,6.7,1,10.0,35,8.0,29.87,32.421727344473176
0.827757125,61,29,13.4,0,10.0,60,0.0,29.85,293.37676544847176
0.604708798,61,29,13.4,0,10.0,72,7.0,29.83,-36.463057266997644
0.381660471,61,29,13.4,1,10.0,67,6.0,29.86,5819.207740872548
0.158612144,61,29,13.4,1,10.0,61,16.0,29.9,23479.469230952687
0.064436183,61,29,13.4,1,10.0,63,20.0,29.88,30393.994764702842
0.287484511,61,29,13.4,2,10.0,68,18.0,29.83,17983.2488033359
0.5105328379999999,61,29,13.4,2,10.0,80,22.0,29.85,1653.146842598485
0.733581165,61,29,13.4,2,10.0,83,9.0,29.9,-158.0730643269717
0.8246913579999999,57,26,10.4,3,10.0,80,10.0,29.9,-286.00192074506936
0.602469136,57,26,10.4,2,10.0,80,9.0,29.9,-264.7829312029892
0.380246914,57,26,10.4,3,10.0,77,7.0,29.94,2844.1519202206955
0.158024691,57,26,10.4,3,10.0,70,5.0,29.96,11405.339464109382
0.064197531,57,26,10.4,3,10.0,54,17.0,29.95,25924.179128991844
0.286419753,57,26,10.4,3,10.0,51,20.0,29.94,16296.832517782123
0.508641975,57,26,10.4,2,10.0,71,13.0,29.94,2408.0900057222943
0.730864198,57,26,10.4,3,10.0,69,8.0,29.96,78.08865981027853
0.822660099,53,27,24.4,4,10.0,77,11.0,29.96,-169.6098620771259
0.600985222,53,27,24.4,4,10.0,74,21.0,29.97,-169.6098620771259
0.379310345,53,27,24.4,4,10.0,71,26.0,30.01,4022.0534731879543
0.157635468,53,27,24.4,2,10.0,59,31.0,30.05,20992.226191589547
0.064039409,53,27,24.4,1,10.0,55,32.0,30.07,29370.477578137645
0.285714286,53,27,24.4,2,10.0,57,29.0,30.05,18956.3893968562
0.5073891629999999,53,27,24.4,2,10.0,69,31.0,30.04,2979.7909008280676
0.729064039,53,27,24.4,2,10.0,77,17.0,30.07,-78.89181270502095
0.820638821,52,26,18.0,1,10.0,83,14.0,30.08,82.31684405547237
0.5995086,52,26,18.0,2,10.0,83,5.0,30.1,72.60026563640312
0.3783783779999999,52,26,18.0,3,10.0,77,16.0,30.14,4537.073694271055
0.157248157,52,26,18.0,2,10.0,64,20.0,30.17,28247.02457332234
0.063882064,52,26,18.0,1,10.0,57,23.0,30.16,34742.27009094477
0.285012285,52,26,18.0,1,10.0,64,28.0,30.15,19962.072481954558
0.506142506,52,26,18.0,2,10.0,74,20.0,30.13,2541.267463098228
0.727272727,52,26,18.0,2,10.0,77,31.0,30.13,201.6371752371226
0.817401961,55,26,14.8,3,10.0,80,20.0,30.11,-25.79861581796018
0.596813725,55,26,14.8,3,10.0,77,14.0,30.1,26.524472998740475
0.37622549,55,26,14.8,2,10.0,77,16.0,30.09,4446.046703891766
0.155637255,55,26,14.8,1,10.0,62,3.0,30.07,27631.579501667013
0.06495098,55,26,14.8,1,10.0,52,14.0,30.04,31781.767360409933
0.285539216,55,26,14.8,1,10.0,62,22.0,30.02,19411.602865205296
0.506127451,55,26,14.8,1,10.0,74,21.0,29.99,2137.7872857472676
0.7267156859999999,55,26,14.8,3,10.0,77,14.0,30.02,-89.19706383178321
0.8144078140000001,52,26,16.8,4,10.0,77,11.0,30.02,-9.848947189050602
0.594627595,52,26,16.8,4,10.0,74,10.0,29.99,-14.807514734633724
0.374847375,52,26,16.8,3,10.0,74,11.0,30.0,4225.899004334271
0.155067155,52,26,16.8,3,10.0,64,21.0,29.99,23868.31273524061
0.064713065,52,26,16.8,3,10.0,66,23.0,30.02,29917.436158823028
0.2844932839999999,52,26,16.8,2,10.0,57,24.0,30.01,19825.76374573055
0.504273504,52,26,16.8,2,10.0,69,11.0,30.03,2968.8720324830356
0.724053724,52,26,16.8,3,10.0,74,16.0,30.06,60.023623055201
0.812423873,53,27,14.5,2,10.0,74,18.0,30.05,-46.57205832302552
0.59317905,53,27,14.5,2,10.0,74,16.0,30.09,19.712584367760176
0.373934227,53,27,14.5,1,10.0,71,14.0,30.11,6861.533622658446
0.154689403,53,27,14.5,3,10.0,57,17.0,30.14,24197.66334993131
0.06455542,53,27,14.5,1,10.0,44,18.0,30.13,31654.215904455592
0.283800244,53,27,14.5,1,10.0,49,23.0,30.13,20481.640176277484
0.5030450670000001,53,27,14.5,1,10.0,66,13.0,30.14,3709.11129911807
0.72228989,53,27,14.5,2,10.0,74,11.0,30.17,19.712584367760176
0.810449575,54,27,15.2,2,10.0,83,9.0,30.17,-9.53819382146309
0.5917375460000001,54,27,15.2,2,10.0,83,17.0,30.17,-4.579626275879966
0.373025516,54,27,15.2,1,10.0,74,16.0,30.18,5263.860392615616
0.154313487,54,27,15.2,1,10.0,55,17.0,30.2,28170.94910748793
0.064398542,54,27,15.2,3,10.0,46,21.0,30.18,30618.689463942595
0.283110571,54,27,15.2,2,10.0,48,16.0,30.17,20349.42986570247
0.5018226,54,27,15.2,2,10.0,66,14.0,30.16,3709.11129911807
0.7205346290000001,54,27,15.2,1,10.0,77,10.0,30.17,42.78489499523759
0.808484848,55,27,12.0,1,10.0,77,7.0,30.18,-15.353503641327272
0.59030303,55,27,12.0,1,10.0,77,10.0,30.15,14.754016822177057
0.372121212,55,27,12.0,3,10.0,74,15.0,30.18,5214.610524900475
0.153939394,55,27,12.0,3,10.0,55,13.0,30.19,23914.38060033169
0.064242424,55,27,12.0,3,10.0,44,15.0,30.15,28819.373344931573
0.282424242,55,27,12.0,4,10.0,50,14.0,30.07,15528.387328552704
0.500606061,55,27,12.0,4,10.0,64,20.0,30.1,3415.9305380646683
0.7187878790000001,55,27,12.0,4,10.0,53,5.0,30.09,1053.2738798130672
0.807506053,56,17,8.5,4,10.0,66,8.0,30.1,190.46821465693728
0.589588378,56,17,8.5,3,10.0,61,6.0,30.06,783.2455481428956
0.371670702,56,17,8.5,3,10.0,59,6.0,30.0,6759.93529685604
0.153753027,56,17,8.5,3,10.0,60,0.0,29.98,19381.469060930216
0.064164649,56,17,8.5,4,10.0,72,0.0,29.96,4466.594976976291
0.282082324,56,17,8.5,4,7.0,93,13.0,29.91,3920.9196390065076
0.5,56,17,8.5,4,3.0,90,14.0,29.92,1383.648127038639
0.7179176759999999,56,17,8.5,4,10.0,90,17.0,29.98,-219.04568572490615
0.805555556,60,18,11.0,3,10.0,87,10.0,29.97,-318.46600179389475
0.588164251,60,18,11.0,3,10.0,90,9.0,29.99,-318.46600179389475
0.370772947,60,18,11.0,4,10.0,81,5.0,30.04,840.4294130518127
0.153381643,60,18,11.0,4,10.0,87,8.0,30.07,5290.858017439883
0.064009662,60,18,11.0,4,10.0,81,20.0,30.08,4135.521976171855
0.281400966,60,18,11.0,4,10.0,75,18.0,30.08,4471.20537113152
0.498792271,60,18,11.0,4,10.0,84,13.0,30.07,1534.6353902502915
0.716183575,60,18,11.0,3,10.0,84,10.0,30.09,-190.52564321448386
0.802647413,59,23,9.8,4,10.0,93,10.0,30.13,-38.28860454034998
0.586040915,59,23,9.8,4,10.0,87,11.0,30.09,-33.33003699476687
0.369434416,59,23,9.8,4,4.0,93,13.0,30.1,2072.9654845656387
0.152827918,59,23,9.8,4,10.0,81,15.0,30.13,6684.378168594105
0.06377858,59,23,9.8,4,10.0,75,13.0,30.14,9367.106219352805
0.280385078,59,23,9.8,4,10.0,75,9.0,30.1,8820.013828239576
0.496991576,59,23,9.8,3,10.0,87,6.0,30.08,2037.8538114987825
0.713598075,59,23,9.8,2,10.0,96,8.0,30.11,-37.56907199452362
0.799519808,61,20,8.1,3,10.0,93,7.0,30.08,-299.1366281176611
0.583433373,61,20,8.1,3,10.0,96,5.0,30.08,-299.1366281176611
0.367346939,61,20,8.1,4,10.0,90,0.0,30.08,1034.836638123248
0.151260504,61,20,8.1,4,8.0,84,6.0,30.06,4816.209485699157
0.06482593,61,20,8.1,4,10.0,66,13.0,30.04,10376.68311655189
0.280912365,61,20,8.1,3,10.0,73,16.0,30.03,6513.366156182801
0.4969988,61,20,8.1,3,9.0,90,11.0,30.01,1737.0410997686827
0.713085234,61,20,8.1,4,10.0,93,9.0,30.01,-297.96654479764095
0.79760479,64,23,7.3,4,8.0,90,8.0,30.01,-36.20554324633539
0.5820359279999999,64,23,7.3,4,7.0,90,3.0,30.03,-66.3130637098397
0.366467066,64,23,7.3,4,9.0,90,7.0,30.06,2153.1223867385065
0.150898204,64,23,7.3,4,10.0,87,0.0,30.09,9545.489798591825
0.064670659,64,23,7.3,3,10.0,68,11.0,30.08,17736.929889786676
0.280239521,64,23,7.3,3,10.0,64,10.0,30.06,14831.910418841908
0.4958083829999999,64,23,7.3,3,10.0,75,6.0,30.07,2595.7421712823225
0.711377246,64,23,7.3,4,10.0,90,11.0,30.12,117.50171955615579
0.795698925,64,28,10.1,3,10.0,90,10.0,30.11,-58.78806153660385
0.580645161,64,28,10.1,3,10.0,93,3.0,30.1,-88.89558200010818
0.3655913979999999,64,28,10.1,3,10.0,90,5.0,30.14,4262.8028642785575
0.150537634,64,28,10.1,4,10.0,84,3.0,30.16,14851.57491358358
0.064516129,64,28,10.1,3,10.0,68,11.0,30.14,23147.796412189124
0.279569892,64,28,10.1,3,10.0,71,16.0,30.12,15406.959102768102
0.494623656,64,28,10.1,3,10.0,90,14.0,30.13,2098.269409097889
0.709677419,64,28,10.1,4,10.0,90,15.0,30.17,-33.33003699476687
0.793802145,59,27,16.8,4,7.0,93,17.0,30.16,53.54950082477243
0.579261025,59,27,16.8,4,5.0,96,14.0,30.16,53.54950082477243
0.364719905,59,27,16.8,1,9.0,90,7.0,30.17,4370.901391640176
0.150178784,59,27,16.8,1,10.0,65,5.0,30.16,28763.270308912
0.0643623359999999,59,27,16.8,1,10.0,51,22.0,30.15,33765.49579643943
0.278903456,59,27,16.8,1,10.0,52,26.0,30.09,20954.184173445414
0.4934445770000001,59,27,16.8,1,10.0,69,26.0,30.07,3365.3659696276873
0.707985697,59,27,16.8,0,10.0,77,17.0,30.08,81.24261259728122
0.791914388,61,28,15.3,0,10.0,83,18.0,30.05,-9.975454806448239
0.577883472,61,28,15.3,0,10.0,86,8.0,30.02,-32.492648971347535
0.363852556,61,28,15.3,0,10.0,72,0.0,30.03,6276.977533848448
0.149821641,61,28,15.3,0,10.0,54,14.0,30.03,25576.886478512923
0.064209275,61,28,15.3,0,10.0,54,23.0,30.01,32139.677363865147
0.27824019,61,28,15.3,1,10.0,58,25.0,29.95,19931.13560328358
0.492271106,61,28,15.3,1,10.0,69,25.0,29.93,2900.9702016483775
0.706302021,61,28,15.3,1,10.0,77,14.0,29.96,-16.146125709831196
0.790035587,58,28,16.8,0,10.0,83,17.0,29.95,-59.81968817477513
0.576512456,58,28,16.8,0,10.0,86,8.0,29.94,-64.77825572035823
0.362989324,58,28,16.8,1,8.0,77,9.0,29.97,4550.4385910933925
0.149466192,58,28,16.8,1,10.0,60,15.0,29.98,28803.34870939498
0.06405694,58,28,16.8,2,10.0,58,20.0,29.97,33676.32980308039
0.277580071,58,28,16.8,2,9.0,60,30.0,29.97,20217.397375508077
0.491103203,58,28,16.8,3,9.0,75,24.0,29.96,2324.2945183813144
0.704626335,58,28,16.8,2,10.0,80,11.0,29.98,31.314578220714345
0.78816568,58,28,15.8,1,10.0,83,7.0,29.97,-62.60016943485183
0.575147929,58,28,15.8,1,10.0,86,9.0,29.95,-123.62691536683701
0.3621301779999999,58,28,15.8,2,10.0,75,0.0,29.97,4461.482410983411
0.149112426,58,28,15.8,2,10.0,59,16.0,29.98,28167.748267506366
0.063905325,58,28,15.8,2,10.0,54,21.0,29.96,33090.211337114466
0.276923077,58,28,15.8,1,10.0,58,31.0,29.94,19931.13560328358
0.489940828,58,28,15.8,2,10.0,51,22.0,29.93,3604.448045638826
0.70295858,58,28,15.8,1,10.0,64,10.0,29.98,207.52154545764262
0.786304604,57,27,23.5,1,10.0,77,21.0,29.97,-169.26383994552646
0.573789847,57,27,23.5,1,10.0,80,20.0,29.96,-180.65179566145963
0.361275089,57,27,23.5,2,10.0,77,14.0,30.01,4125.464339228339
0.148760331,57,27,23.5,3,10.0,65,21.0,30.01,22317.201181709843
0.063754427,57,27,23.5,1,10.0,60,31.0,30.01,28990.458434951066
0.276269185,57,27,23.5,1,10.0,70,36.0,30.0,17896.716704352377
0.4887839429999999,57,27,23.5,3,10.0,86,28.0,30.0,1201.4693127660385
0.7012987009999999,57,27,23.5,2,10.0,80,29.0,30.02,80.2588897493768
0.785377358,56,27,19.0,3,10.0,83,25.0,30.04,141.00725960455
0.573113208,56,27,19.0,1,10.0,86,13.0,30.05,82.31684405547237
0.360849057,56,27,19.0,2,10.0,80,14.0,30.06,5050.579185151
0.148584906,56,27,19.0,1,10.0,56,15.0,30.07,29537.50193097591
0.063679245,56,27,19.0,2,10.0,48,23.0,30.06,34249.490571501425
0.275943396,56,27,19.0,2,10.0,50,30.0,30.01,20317.52096796239
0.488207547,56,27,19.0,2,10.0,62,25.0,30.02,3971.106156617507
0.700471698,56,27,19.0,0,10.0,74,20.0,30.05,93.70479977140556
0.783529412,58,27,16.6,0,10.0,77,22.0,30.04,105.0643564589966
0.5717647060000001,58,27,16.6,1,10.0,74,8.0,30.02,-45.43516081919149
0.36,58,27,16.6,3,10.0,49,0.0,30.04,8494.825547297143
0.148235294,58,27,16.6,3,10.0,50,13.0,30.06,25228.802702347144
0.063529412,58,27,16.6,3,10.0,40,24.0,30.07,31745.44226093408
0.275294118,58,27,16.6,3,10.0,43,28.0,30.08,17716.816098999134
0.487058824,58,27,16.6,3,10.0,48,18.0,30.06,4259.586370574064
0.6988235290000001,58,27,16.6,1,10.0,69,26.0,30.11,378.09848404964106
0.7816901409999999,60,27,21.5,1,10.0,80,16.0,30.07,82.31684405547237
0.570422535,60,27,21.5,2,10.0,86,16.0,30.06,82.31684405547237
0.35915493,60,27,21.5,4,4.0,90,21.0,30.09,2758.4020833396867
0.147887324,60,27,21.5,2,10.0,72,16.0,30.08,25870.878181266024
0.063380282,60,27,21.5,2,10.0,65,28.0,30.07,33621.2494894098
0.274647887,60,27,21.5,2,10.0,68,33.0,30.02,19406.95062918788
0.485915493,60,27,21.5,4,6.0,90,28.0,30.0,1872.117445100208
0.6971830990000001,60,27,21.5,3,10.0,90,14.0,30.03,11.660960373654145
0.78077374,58,29,12.9,4,10.0,96,14.0,30.0,-56.2844921446513
0.56975381,58,29,12.9,4,10.0,96,6.0,29.97,-91.35058015373875
0.35873388,58,29,12.9,3,10.0,86,5.0,29.98,3855.607649289554
0.147713951,58,29,12.9,1,10.0,70,14.0,29.96,24359.34463499168
0.063305979,58,29,12.9,2,10.0,65,23.0,29.93,31927.29689886024
0.274325909,58,29,12.9,2,10.0,65,24.0,29.89,19254.955659179144
0.485345838,58,29,12.9,1,10.0,80,18.0,29.88,1522.5375932934044
0.6963657679999999,58,29,12.9,0,10.0,77,8.0,29.89,-146.68510861103852
0.778947368,71,30,6.4,0,10.0,75,3.0,29.86,109.36691267245298
0.568421053,71,30,6.4,0,10.0,80,3.0,29.85,97.97895695651975
0.357894737,71,30,6.4,1,10.0,73,0.0,29.88,6416.511733319244
0.147368421,71,30,6.4,0,10.0,70,3.0,29.89,22801.304405223796
0.063157895,71,30,6.4,0,10.0,58,3.0,29.86,28816.61911891812
0.273684211,71,30,6.4,1,10.0,31,14.0,29.85,19719.835788848035
0.484210526,71,30,6.4,0,10.0,40,18.0,29.85,3167.7639161209468
0.6947368420000001,71,30,6.4,0,10.0,61,0.0,29.88,157.81577669967743
0.7771295220000001,74,30,9.0,0,10.0,67,5.0,29.88,268.4431782083594
0.567094516,74,30,9.0,0,10.0,65,0.0,29.87,185.94256648171972
0.35705951,74,30,9.0,0,10.0,70,0.0,29.89,6739.299299649512
0.147024504,74,30,9.0,0,10.0,58,3.0,29.89,24491.339223563886
0.063010502,74,30,9.0,1,10.0,26,15.0,29.87,28923.82538384938
0.273045508,74,30,9.0,1,10.0,50,22.0,29.87,19299.7273703964
0.483080513,74,30,9.0,2,10.0,65,18.0,29.88,2901.3307166043655
0.693115519,74,30,9.0,1,10.0,78,11.0,29.9,94.5715978595668
0.77532014,59,29,15.6,1,10.0,90,13.0,29.9,-130.04218615391116
0.565774156,59,29,15.6,2,10.0,90,10.0,29.87,-130.04218615391116
0.356228172,59,29,15.6,3,10.0,90,15.0,29.88,3944.4136424025332
0.146682189,59,29,15.6,2,10.0,72,18.0,29.9,22667.64485120623
0.062863795,59,29,15.6,3,10.0,63,15.0,29.9,29624.61539924208
0.2724097789999999,59,29,15.6,2,10.0,65,17.0,29.88,18813.030897202807
0.481955763,59,29,15.6,3,10.0,83,20.0,29.91,1540.7233202570415
0.6915017459999999,59,29,15.6,2,10.0,90,16.0,29.95,-118.66834782125389
0.77532014,59,28,14.4,3,10.0,90,11.0,29.94,-167.91821553639465
0.565774156,59,28,14.4,2,10.0,90,5.0,29.94,-181.7653140034019
0.356228172,59,28,14.4,3,10.0,80,11.0,29.97,3890.673737298641
0.146682189,59,28,14.4,2,10.0,67,15.0,29.97,24431.980610328083
0.062863795,59,28,14.4,1,10.0,63,23.0,29.95,32471.292751656743
0.2724097789999999,59,28,14.4,1,10.0,60,32.0,29.94,19721.286181814005
0.481955763,59,28,14.4,1,10.0,72,9.0,29.93,1909.8495091510854
0.6915017459999999,59,28,14.4,1,10.0,77,10.0,29.95,-140.2698378239644
0.7735191640000001,57,27,12.3,1,10.0,74,8.0,29.94,-192.10178640383617
0.56445993,57,27,12.3,2,10.0,77,13.0,29.94,-187.14321885825302
0.355400697,57,27,12.3,3,10.0,74,9.0,29.97,5208.321803875752
0.146341463,57,27,12.3,2,10.0,56,11.0,29.97,27183.553677758562
0.06271777,57,27,12.3,2,10.0,52,16.0,29.95,32217.885420650568
0.271777003,57,27,12.3,2,10.0,56,17.0,29.92,20319.438858105135
0.4808362370000001,57,27,12.3,2,10.0,75,11.0,29.91,1493.4674387621233
0.68989547,57,27,12.3,1,10.0,80,8.0,29.92,-203.4897421197694
0.771726535,57,30,10.4,0,10.0,83,7.0,29.9,-17.503658359163254
0.563151796,57,30,10.4,2,10.0,86,6.0,29.9,-17.503658359163254
0.354577057,57,30,10.4,1,10.0,77,0.0,29.92,4699.736648837975
0.146002317,57,30,10.4,2,10.0,70,5.0,29.93,22185.041899532916
0.062572422,57,30,10.4,2,10.0,56,16.0,29.9,31423.561099854927
0.271147161,57,30,10.4,2,10.0,60,18.0,29.88,20262.669137024477
0.4797219,57,30,10.4,2,9.0,83,20.0,29.89,1693.214519724717
0.68829664,57,30,10.4,1,10.0,83,14.0,29.93,23.97770043699835
0.769942197,59,27,10.2,2,10.0,86,5.0,29.91,-233.59726258327373
0.561849711,59,27,10.2,3,10.0,83,0.0,29.89,-261.2315229124281
0.353757225,59,27,10.2,3,10.0,77,0.0,29.9,4298.351973435889
0.14566474,59,27,10.2,1,10.0,67,7.0,29.91,22446.771306532162
0.062427746,59,27,10.2,1,10.0,54,21.0,29.89,31721.317212453225
0.270520231,59,27,10.2,2,10.0,65,24.0,29.89,19847.796698945913
0.478612717,59,27,10.2,4,8.0,83,14.0,29.92,1494.577372039022
0.6867052020000001,59,27,10.2,4,10.0,86,13.0,29.94,-108.11644072452307
0.7702078520000001,53,24,12.7,4,10.0,83,9.0,29.94,-113.0750082701062
0.562355658,53,24,12.7,4,10.0,86,7.0,29.93,-143.18252873361052
0.354503464,53,24,12.7,4,10.0,83,9.0,29.96,1372.447738224484
0.14665127,53,24,12.7,4,9.0,80,11.0,29.98,7057.859422603064
0.061200924,53,24,12.7,4,9.0,69,17.0,29.97,11132.341926510488
0.269053118,53,24,12.7,4,8.0,77,18.0,29.96,8478.772909811336
0.476905312,53,24,12.7,4,8.0,83,11.0,29.97,1494.577372039022
0.684757506,53,24,12.7,4,10.0,83,13.0,30.0,-108.11644072452307
0.769319493,52,25,13.0,4,10.0,86,10.0,29.99,-113.0750082701062
0.561707036,52,25,13.0,4,10.0,83,14.0,29.98,-108.11644072452307
0.3540945789999999,52,25,13.0,4,9.0,86,11.0,30.0,1590.375573331067
0.146482122,52,25,13.0,4,10.0,83,13.0,30.03,7057.859422603064
0.061130334,52,25,13.0,4,10.0,77,17.0,30.02,14809.594923926494
0.268742791,52,25,13.0,4,9.0,77,18.0,29.99,8478.772909811336
0.4763552479999999,52,25,13.0,4,8.0,83,14.0,29.99,1494.577372039022
0.683967705,52,25,13.0,4,9.0,83,10.0,30.02,-113.0750082701062
0.76843318,56,28,10.6,4,9.0,86,8.0,30.0,-61.243059690234425
0.5610599079999999,56,28,10.6,4,9.0,86,7.0,29.97,-91.35058015373875
0.353686636,56,28,10.6,4,10.0,80,8.0,29.98,2197.97833504876
0.146313364,56,28,10.6,1,10.0,70,9.0,29.96,23673.971851194492
0.0610599079999999,56,28,10.6,1,10.0,63,20.0,29.92,32232.891375276646
0.26843318,56,28,10.6,1,10.0,62,16.0,29.89,20188.16315564859
0.4758064520000001,56,28,10.6,1,10.0,80,10.0,29.89,1522.5375932934044
0.683179724,56,28,10.6,2,10.0,80,5.0,29.91,-181.7653140034019
0.7666666670000001,60,30,10.5,0,10.0,83,7.0,29.89,-17.503658359163254
0.559770115,60,30,10.5,0,10.0,80,0.0,29.88,-17.503658359163254
0.3528735629999999,60,30,10.5,1,9.0,78,3.0,29.9,4713.919467323481
0.145977011,60,30,10.5,1,10.0,59,9.0,29.91,25322.221662507243
0.06091954,60,30,10.5,1,10.0,49,20.0,29.88,32112.780934435494
0.267816092,60,30,10.5,2,10.0,51,18.0,29.84,20450.188874313924
0.4747126439999999,60,30,10.5,1,10.0,70,20.0,29.84,2734.0485582501287
0.681609195,60,30,10.5,0,10.0,72,10.0,29.85,164.32138962781937
0.7657864520000001,60,30,11.4,0,10.0,83,10.0,29.84,12.60386210434108
0.55912744,60,30,11.4,1,10.0,86,9.0,29.85,12.60386210434108
0.352468427,60,30,11.4,1,10.0,75,0.0,29.89,4713.919467323481
0.145809414,60,30,11.4,1,9.0,68,8.0,29.89,23736.03727751693
0.060849598,60,30,11.4,1,9.0,63,17.0,29.86,31670.1247482606
0.267508611,60,30,11.4,1,10.0,65,22.0,29.83,20046.5297210996
0.474167623,60,30,11.4,2,10.0,80,11.0,29.85,1693.214519724717
0.6808266359999999,60,30,11.4,1,10.0,90,11.0,29.89,12.60386210434108
0.764908257,61,31,8.0,1,10.0,90,8.0,29.88,-56.752364213455685
0.5584862389999999,61,31,8.0,4,10.0,90,0.0,29.87,-167.12207725860964
0.35206422,61,31,8.0,4,9.0,83,0.0,29.91,2185.63110953477
0.145642202,61,31,8.0,1,9.0,75,7.0,29.92,21934.001634368662
0.060779817,61,31,8.0,1,10.0,63,6.0,29.89,30662.793908328855
0.267201835,61,31,8.0,2,10.0,65,16.0,29.88,19846.56424547672
0.473623853,61,31,8.0,2,9.0,80,14.0,29.9,1623.8582934069204
0.680045872,61,31,8.0,2,10.0,83,10.0,29.94,-50.337093426381536
0.764032073,62,30,7.2,3,10.0,90,7.0,29.94,44.56208790960152
0.557846506,62,30,7.2,4,10.0,90,0.0,29.95,-14.481115129967915
0.351660939,62,30,7.2,1,10.0,80,0.0,29.98,5022.03093289787
0.145475372,62,30,7.2,1,10.0,70,8.0,30.0,22391.565169597012
0.060710195,62,30,7.2,1,10.0,61,7.0,29.97,31316.52106059467
0.266895762,62,30,7.2,3,10.0,55,14.0,29.96,19219.866458979446
0.473081329,62,30,7.2,3,10.0,67,9.0,29.97,3653.756163392689
0.6792668959999999,62,30,7.2,2,10.0,78,6.0,30.02,-2.3736268682083255
0.7622857140000001,61,26,11.2,3,10.0,78,3.0,30.02,-152.2940300139312
0.556571429,61,26,11.2,4,10.0,80,6.0,30.0,-143.18252873361052
0.350857143,61,26,11.2,4,10.0,80,6.0,30.02,1901.0307519125956
0.145142857,61,26,11.2,4,10.0,67,7.0,30.02,14667.238509074376
0.060571429,61,26,11.2,2,10.0,59,16.0,29.98,32022.462541686862
0.266285714,61,26,11.2,2,10.0,63,18.0,29.97,20649.721040656364
0.472,61,26,11.2,2,9.0,80,14.0,29.97,1869.189334311146
0.6777142859999999,61,26,11.2,3,10.0,83,15.0,30.0,-128.61589772077699
0.761415525,58,27,11.8,4,10.0,83,11.0,29.98,-108.11644072452307
0.5559360729999999,58,27,11.8,4,10.0,90,10.0,29.98,-113.0750082701062
0.350456621,58,27,11.8,4,10.0,83,7.0,30.0,2116.0388660053845
0.144977169,58,27,11.8,4,10.0,80,7.0,30.01,10943.07523088025
0.060502283,58,27,11.8,3,10.0,65,14.0,29.95,28836.487304419963
0.265981735,58,27,11.8,3,10.0,70,18.0,29.92,16386.49779003937
0.471461187,58,27,11.8,3,9.0,80,13.0,29.93,1460.8604935041099
0.676940639,58,27,11.8,4,10.0,83,10.0,29.95,-113.0750082701062
0.761687571,59,27,10.9,4,10.0,83,6.0,29.93,-143.18252873361052
0.5564424170000001,59,27,10.9,4,10.0,83,9.0,29.91,-113.0750082701062
0.351197263,59,27,10.9,4,9.0,83,11.0,29.93,2238.2214752817813
0.145952109,59,27,10.9,3,9.0,70,14.0,29.93,18876.72492863923
0.059293044,59,27,10.9,3,10.0,68,15.0,29.93,25352.743577338366
0.264538198,59,27,10.9,3,10.0,70,13.0,29.91,16030.561242311773
0.469783352,59,27,10.9,3,10.0,83,11.0,29.92,1460.8604935041099
0.675028506,59,27,10.9,4,10.0,90,7.0,29.94,-143.18252873361052
0.760820046,60,28,12.2,4,10.0,93,10.0,29.93,-61.243059690234425
0.5558086560000001,60,28,12.2,3,10.0,93,3.0,29.92,-202.98430354548213
0.350797267,60,28,12.2,3,9.0,86,11.0,29.93,4199.25119445595
0.1457858769999999,60,28,12.2,3,10.0,72,18.0,29.95,17667.961403931437
0.059225513,60,28,12.2,3,10.0,63,17.0,29.94,29657.835751708542
0.264236902,60,28,12.2,3,10.0,65,20.0,29.91,17981.978467451634
0.469248292,60,28,12.2,2,10.0,72,11.0,29.91,1914.8080766966684
0.6742596809999999,60,28,12.2,3,10.0,83,16.0,29.9,-179.29205386905193
0.760820046,61,28,12.9,3,10.0,86,8.0,29.89,-179.29205386905193
0.5558086560000001,61,28,12.9,3,10.0,80,7.0,29.88,-209.39957433255626
0.350797267,61,28,12.9,3,10.0,78,9.0,29.9,4552.131071813592
0.1457858769999999,61,28,12.9,3,10.0,54,14.0,29.9,22533.80875307471
0.059225513,61,28,12.9,2,10.0,56,17.0,29.91,32535.217932393007
0.264236902,61,28,12.9,2,10.0,51,18.0,29.88,21130.027310943427
0.469248292,61,28,12.9,3,10.0,75,20.0,29.89,1512.7065594672574
0.6742596809999999,61,28,12.9,3,10.0,80,11.0,29.93,-167.91821553639465
0.7590909090000001,62,27,8.6,4,10.0,78,8.0,29.93,-101.687052554173
0.554545455,62,27,8.6,3,10.0,78,5.0,29.93,-243.42829640942068
0.35,62,27,8.6,4,10.0,72,10.0,29.98,4673.009595084372
0.145454545,62,27,8.6,3,10.0,60,6.0,29.98,21207.03108502651
0.059090909,62,27,8.6,3,10.0,56,13.0,29.96,30272.617542466007
0.263636364,62,27,8.6,3,10.0,54,15.0,29.92,18875.44230564969
0.4681818179999999,62,27,8.6,3,10.0,72,13.0,29.94,1915.7194301018683
0.672727273,62,27,8.6,3,10.0,81,9.0,29.94,-224.70873166184958
0.758229285,64,26,8.0,4,10.0,81,6.0,29.91,-143.18252873361052
0.553916005,64,26,8.0,4,10.0,78,6.0,29.88,-138.20984380475147
0.349602724,64,26,8.0,2,10.0,72,3.0,29.9,6151.922924978661
0.145289444,64,26,8.0,3,10.0,67,7.0,29.94,17969.070642714556
0.059023837,64,26,8.0,3,10.0,51,14.0,29.95,30213.63900666624
0.263337117,64,26,8.0,3,10.0,55,10.0,29.94,18569.757998402973
0.4676503970000001,64,26,8.0,2,10.0,72,11.0,29.95,1882.0605013478028
0.671963678,64,26,8.0,3,10.0,78,6.0,29.96,-152.2940300139312
0.758229285,62,28,10.6,2,10.0,80,0.0,29.93,-181.7653140034019
0.553916005,62,28,10.6,2,10.0,80,0.0,29.93,-181.7653140034019
0.349602724,62,28,10.6,3,10.0,78,8.0,29.95,4978.297863077615
0.145289444,62,28,10.6,3,10.0,63,14.0,29.96,22671.001968586308
0.059023837,62,28,10.6,2,10.0,55,14.0,29.95,32959.513172859406
0.263337117,62,28,10.6,2,10.0,59,18.0,29.94,21225.95766492383
0.4676503970000001,62,28,10.6,2,10.0,65,16.0,29.95,2704.7579865219163
0.671963678,62,28,10.6,2,10.0,81,9.0,29.96,-60.52352714440807
0.7585034009999999,63,27,16.0,1,10.0,78,11.0,29.94,-131.6108596690978
0.554421769,63,27,16.0,2,10.0,78,10.0,29.95,-136.5694272146809
0.350340136,63,27,16.0,2,10.0,67,16.0,29.97,8560.131733691149
0.146258503,63,27,16.0,2,10.0,61,17.0,29.98,26633.942219860037
0.057823129,63,27,16.0,1,10.0,55,21.0,29.96,33280.88933204665
0.261904762,63,27,16.0,2,10.0,53,24.0,29.94,21670.88592419196
0.465986395,63,27,16.0,1,10.0,72,16.0,29.9,1879.1037708002343
0.670068027,63,27,16.0,1,10.0,78,14.0,29.93,-131.6108596690978
0.7585034009999999,61,26,14.2,2,10.0,78,11.0,29.9,-253.394975487056
0.554421769,61,26,14.2,4,10.0,75,8.0,29.88,-108.10232334124713
0.350340136,61,26,14.2,4,10.0,69,15.0,29.9,5355.612549685075
0.146258503,61,26,14.2,3,10.0,62,14.0,29.92,22303.592353568834
0.057823129,61,26,14.2,2,10.0,58,18.0,29.9,32214.6007360666
0.261904762,61,26,14.2,3,10.0,67,18.0,29.88,16959.88829481203
0.465986395,61,26,14.2,3,10.0,70,13.0,29.87,2435.442775400718
0.670068027,61,26,14.2,4,10.0,75,13.0,29.89,-108.10232334124713
0.75678733,62,26,11.2,4,10.0,78,7.0,29.88,-138.20984380475147
0.553167421,62,26,11.2,4,10.0,72,11.0,29.89,32.227248466297915
0.349547511,62,26,11.2,4,10.0,87,8.0,29.91,2260.000338737283
0.145927602,62,26,11.2,4,10.0,70,13.0,29.93,14956.015737509737
0.057692308,62,26,11.2,3,10.0,65,14.0,29.93,29381.0730626542
0.261312217,62,26,11.2,3,10.0,61,16.0,29.92,18472.80638792995
0.464932127,62,26,11.2,4,10.0,81,9.0,29.93,1489.618804493439
0.668552036,62,26,11.2,4,10.0,78,10.0,29.94,-101.687052554173
0.75678733,62,26,10.5,4,10.0,81,8.0,29.94,-113.0750082701062
0.553167421,62,26,10.5,4,10.0,90,7.0,29.93,-143.18252873361052
0.349547511,62,26,10.5,4,10.0,90,7.0,29.95,2229.8928182737786
0.145927602,62,26,10.5,4,8.0,73,14.0,29.96,14219.059254134889
0.057692308,62,26,10.5,4,10.0,63,9.0,29.97,23299.920418817837
0.261312217,62,26,10.5,3,10.0,61,13.0,29.95,18300.920858052115
0.464932127,62,26,10.5,4,10.0,72,14.0,29.96,1875.474017109629
0.668552036,62,26,10.5,4,10.0,75,11.0,29.99,-96.72848500858987
0.755932203,63,26,16.3,4,10.0,75,14.0,29.96,-41.19612581943471
0.552542373,63,26,16.3,4,10.0,78,10.0,29.94,-46.15469336501783
0.349152542,63,26,16.3,4,10.0,81,16.0,29.96,2937.055160288887
0.145762712,63,26,16.3,4,9.0,70,14.0,29.99,16722.440209101555
0.057627119,63,26,16.3,2,10.0,57,25.0,29.98,33135.77481983155
0.261016949,63,26,16.3,2,10.0,57,22.0,29.95,21543.241139867376
0.46440678,63,26,16.3,3,10.0,75,21.0,29.95,1472.902890113052
0.66779661,63,26,16.3,2,10.0,81,15.0,29.96,-51.86454898954157
0.7570621470000001,62,26,14.0,3,10.0,81,9.0,29.95,-279.58664995799523
0.553672316,62,26,14.0,3,10.0,80,15.0,29.92,-274.62808241241214
0.350282486,62,26,14.0,4,10.0,75,10.0,29.94,2589.2448905274737
0.146892655,62,26,14.0,4,10.0,75,14.0,29.96,15675.590445657073
0.056497175,62,26,14.0,3,10.0,59,20.0,29.95,30085.62469403787
0.259887006,62,26,14.0,4,10.0,65,14.0,29.93,15303.04126017388
0.463276836,62,26,14.0,3,10.0,72,14.0,29.92,1786.879220278571
0.666666667,62,26,14.0,4,10.0,78,8.0,29.94,-101.687052554173
0.756207675,64,26,10.1,4,10.0,78,8.0,29.93,-101.687052554173
0.553047404,64,26,10.1,3,10.0,84,3.0,29.92,-309.6941704214995
0.3498871329999999,64,26,10.1,4,10.0,81,8.0,29.96,2182.7093959981
0.1467268619999999,64,26,10.1,4,10.0,65,8.0,29.98,17918.222408775167
0.056433409,64,26,10.1,3,10.0,55,16.0,29.98,30200.487958638358
0.2595936789999999,64,26,10.1,2,10.0,57,15.0,29.96,21761.47354430938
0.46275395,64,26,10.1,2,10.0,70,13.0,29.97,2910.023372836557
0.665914221,64,26,10.1,2,10.0,81,8.0,29.99,-112.35547572427988
0.756207675,64,26,9.6,3,10.0,81,8.0,29.97,-133.5744652663601
0.553047404,64,26,9.6,4,10.0,70,6.0,29.96,68.48059634302811
0.3498871329999999,64,26,9.6,3,10.0,70,7.0,29.97,7195.540730402174
0.1467268619999999,64,26,9.6,3,10.0,56,11.0,29.99,21811.75317182325
0.056433409,64,26,9.6,2,10.0,47,14.0,29.98,32614.700168879775
0.2595936789999999,64,26,9.6,3,10.0,53,14.0,29.95,18664.781382551257
0.46275395,64,26,9.6,2,10.0,65,11.0,29.95,2598.0481196458986
0.665914221,64,26,9.6,3,10.0,75,6.0,29.96,-152.2940300139312
0.756207675,62,27,11.2,3,10.0,81,7.0,29.94,-254.8162521253539
0.553047404,62,27,11.2,4,10.0,72,3.0,29.93,8.53499878986782
0.3498871329999999,62,27,11.2,4,10.0,70,8.0,29.95,5332.946988539178
0.1467268619999999,62,27,11.2,4,10.0,67,11.0,29.95,15808.322348908674
0.056433409,62,27,11.2,3,10.0,63,15.0,29.95,29435.950980950343
0.2595936789999999,62,27,11.2,3,10.0,63,18.0,29.94,18136.18037025864
0.46275395,62,27,11.2,3,10.0,70,15.0,29.93,2501.6945320295204
0.665914221,62,27,11.2,4,10.0,78,13.0,29.95,-96.72848500858987
0.756482525,61,27,15.0,4,10.0,81,15.0,29.92,-80.08556255146257
0.553551297,61,27,15.0,4,10.0,84,9.0,29.89,-91.45940088411982
0.3506200679999999,61,27,15.0,4,9.0,84,14.0,29.92,2882.8162482717084
0.147688839,61,27,15.0,4,9.0,78,8.0,29.93,13555.6054119485
0.05524239,61,27,15.0,3,10.0,68,20.0,29.92,27761.110365471184
0.2581736189999999,61,27,15.0,3,10.0,73,20.0,29.92,17304.581256799596
0.4611048479999999,61,27,15.0,4,10.0,84,20.0,29.92,1522.608250212082
0.664036077,61,27,15.0,4,10.0,81,13.0,29.95,-80.08556255146257
0.756482525,62,26,14.0,4,10.0,81,13.0,29.93,-108.11644072452307
0.553551297,62,26,14.0,4,10.0,84,16.0,29.92,-108.11644072452307
0.3506200679999999,62,26,14.0,4,10.0,84,11.0,29.94,2037.5785640943357
0.147688839,62,26,14.0,4,10.0,81,14.0,29.96,12706.81613543494
0.05524239,62,26,14.0,3,10.0,70,17.0,29.95,27839.729948660908
0.2581736189999999,62,26,14.0,3,10.0,70,20.0,29.91,16404.41733553704
0.4611048479999999,62,26,14.0,3,10.0,81,15.0,29.88,1394.608736875307
0.664036077,62,26,14.0,3,10.0,84,11.0,29.88,-286.00192074506936
0.757336343,66,29,11.0,3,10.0,87,3.0,29.86,-176.08943627705713
0.5541760720000001,66,29,11.0,2,10.0,87,0.0,29.85,-154.8704467349769
0.351015801,66,29,11.0,1,10.0,78,5.0,29.87,4576.552678947667
0.14785553,66,29,11.0,1,10.0,73,5.0,29.86,23714.49396920746
0.05530474,66,29,11.0,1,10.0,54,21.0,29.84,32559.761772779264
0.258465011,66,29,11.0,1,10.0,63,24.0,29.81,20957.386710800572
0.461625282,66,29,11.0,1,10.0,72,16.0,29.79,1903.4342383640112
0.664785553,66,29,11.0,0,10.0,78,15.0,29.8,-113.37497055553929
0.756482525,63,27,23.3,0,10.0,83,8.0,29.76,-283.15990038960626
0.553551297,63,27,23.3,1,10.0,87,11.0,29.75,-283.15990038960626
0.3506200679999999,63,27,23.3,1,10.0,75,8.0,29.77,3441.8932556133814
0.147688839,63,27,23.3,2,10.0,63,21.0,29.77,23969.5662610979
0.05524239,63,27,23.3,3,10.0,65,33.0,29.75,26179.495510488065
0.2581736189999999,63,27,23.3,2,10.0,65,36.0,29.73,19787.26681848079
0.4611048479999999,63,27,23.3,1,10.0,70,32.0,29.71,1747.650410041458
0.664036077,63,27,23.3,1,10.0,78,30.0,29.71,-10.861259262836896
0.756482525,59,26,18.8,1,10.0,77,31.0,29.72,124.14509757413066
0.553551297,59,26,18.8,1,10.0,86,11.0,29.71,-124.50607310855801
0.3506200679999999,59,26,18.8,2,8.0,75,6.0,29.75,4102.8452674161545
0.147688839,59,26,18.8,2,10.0,65,11.0,29.76,27278.29107461835
0.05524239,59,26,18.8,3,10.0,63,20.0,29.79,30885.42341167436
0.2581736189999999,59,26,18.8,2,10.0,65,29.0,29.78,20985.374212059593
0.4611048479999999,59,26,18.8,2,10.0,72,9.0,29.77,1908.9703514093646
0.664036077,59,26,18.8,1,10.0,77,32.0,29.8,124.14509757413066
0.7576099209999999,61,28,15.4,1,10.0,80,31.0,29.82,196.18254534299365
0.5546786920000001,61,28,15.4,1,10.0,83,16.0,29.84,-130.04218615391116
0.351747463,61,28,15.4,1,10.0,70,10.0,29.87,7195.261628278884
0.148816234,61,28,15.4,1,10.0,56,5.0,29.89,28044.41978073703
0.054114994,61,28,15.4,1,10.0,52,22.0,29.9,33614.918950611274
0.257046223,61,28,15.4,1,10.0,58,22.0,29.88,21914.097308362878
0.459977452,61,28,15.4,1,10.0,67,20.0,29.87,2775.884759915899
0.662908681,61,28,15.4,1,10.0,77,14.0,29.88,-118.65423043797792
0.7576099209999999,67,29,10.7,0,10.0,80,7.0,29.85,-154.8704467349769
0.5546786920000001,67,29,10.7,1,10.0,77,0.0,29.82,-143.48249101904366
0.351747463,67,29,10.7,0,10.0,72,0.0,29.84,6505.216714360575
0.148816234,67,29,10.7,0,10.0,70,5.0,29.83,23714.49396920746
0.054114994,67,29,10.7,0,10.0,31,17.0,29.8,31617.33705175488
0.257046223,67,29,10.7,0,10.0,42,24.0,29.77,20893.86059018528
0.459977452,67,29,10.7,0,10.0,65,18.0,29.73,2693.3841481892596
0.662908681,67,29,10.7,0,10.0,72,13.0,29.75,-6.355536803493364
0.758465011,66,30,11.5,0,10.0,77,9.0,29.73,57.301955875773494
0.55530474,66,30,11.5,1,10.0,77,8.0,29.71,57.301955875773494
0.35214447,66,30,11.5,0,9.0,72,6.0,29.73,6675.893640791887
0.148984199,66,30,11.5,0,10.0,65,5.0,29.73,26719.86579667572
0.054176072,66,30,11.5,0,10.0,43,14.0,29.72,32617.556435859613
0.257336343,66,30,11.5,1,10.0,55,22.0,29.72,21065.432860061268
0.4604966139999999,66,30,11.5,1,10.0,70,17.0,29.73,2734.0485582501287
0.663656885,66,30,11.5,1,10.0,80,13.0,29.78,45.91400015984026
0.7576099209999999,63,32,7.9,1,10.0,86,10.0,29.78,-56.752364213455685
0.5546786920000001,63,32,7.9,1,10.0,90,7.0,29.79,-86.85988467696002
0.351747463,63,32,7.9,1,10.0,78,3.0,29.83,4644.563241005684
0.148816234,63,32,7.9,1,10.0,73,6.0,29.87,21947.68117112476
0.054114994,63,32,7.9,0,10.0,68,10.0,29.88,32324.201195840207
0.257046223,63,32,7.9,0,10.0,59,6.0,29.85,21353.65874749739
0.459977452,63,32,7.9,1,10.0,70,8.0,29.87,2664.692331932332
0.662908681,63,32,7.9,1,10.0,83,13.0,29.91,28.583765646353314
0.7576099209999999,65,26,8.6,1,10.0,86,7.0,29.91,-288.4751808794192
0.5546786920000001,65,26,8.6,2,10.0,83,5.0,29.92,-288.4751808794192
0.351747463,65,26,8.6,1,10.0,72,3.0,29.94,6114.834556928348
0.148816234,65,26,8.6,1,10.0,70,8.0,29.93,21673.325204055796
0.054114994,65,26,8.6,1,10.0,51,5.0,29.91,32815.622654011946
0.257046223,65,26,8.6,2,10.0,51,18.0,29.91,21307.17209566844
0.459977452,65,26,8.6,2,10.0,72,16.0,29.91,1882.0605013478028
0.662908681,65,26,8.6,1,10.0,75,9.0,29.92,-246.97970469998188
0.7595936790000001,63,29,9.8,1,10.0,80,8.0,29.9,-158.0730643269717
0.5564334089999999,63,29,9.8,3,10.0,83,13.0,29.91,-167.91821553639465
0.353273138,63,29,9.8,4,9.0,83,3.0,29.92,2356.469060025221
0.1501128669999999,63,29,9.8,1,10.0,68,6.0,29.93,19482.239138713943
0.053047404,63,29,9.8,1,10.0,61,9.0,29.91,32144.995922650185
0.256207675,63,29,9.8,1,10.0,57,16.0,29.87,21306.613784219397
0.459367946,63,29,9.8,2,10.0,67,13.0,29.87,2775.884759915899
0.662528217,63,29,9.8,0,10.0,80,8.0,29.9,-158.0730643269717
0.7595936790000001,70,30,9.7,0,10.0,80,9.0,29.88,83.18364214363356
0.5564334089999999,70,30,9.7,0,10.0,86,7.0,29.88,53.076121680129226
0.353273138,70,30,9.7,1,10.0,75,0.0,29.91,4983.285696438266
0.1501128669999999,70,30,9.7,0,9.0,71,3.0,29.92,19744.88870358053
0.053047404,70,30,9.7,0,10.0,43,10.0,29.89,32300.455779742384
0.256207675,70,30,9.7,0,10.0,34,21.0,29.86,11397.352011031771
0.459367946,70,30,9.7,0,10.0,43,17.0,29.85,2998.023090071198
0.662528217,70,30,9.7,0,10.0,53,8.0,29.87,189.29981548859627
0.7595936790000001,70,30,11.6,0,10.0,65,5.0,29.85,185.94256648171972
0.5564334089999999,70,30,11.6,1,10.0,72,10.0,29.84,201.59103161161266
0.353273138,70,30,11.6,0,10.0,68,0.0,29.87,7663.720507261223
0.1501128669999999,70,30,11.6,0,10.0,56,6.0,29.87,23803.96624270871
0.053047404,70,30,11.6,1,10.0,48,20.0,29.84,32845.300254341404
0.256207675,70,30,11.6,1,10.0,50,23.0,29.8,21064.53751661659
0.459367946,70,30,11.6,1,9.0,70,15.0,29.78,2771.3182002339217
0.662528217,70,30,11.6,1,10.0,81,11.0,29.81,83.18364214363356
0.760451977,62,30,13.3,0,10.0,84,9.0,29.8,12.60386210434108
0.557062147,62,30,13.3,1,10.0,93,14.0,29.8,12.60386210434108
0.353672316,62,30,13.3,1,9.0,84,11.0,29.82,4187.402093808267
0.150282486,62,30,13.3,1,10.0,70,15.0,29.82,22925.012970997122
0.053107345,62,30,13.3,1,9.0,61,20.0,29.8,32926.84272375995
0.256497175,62,30,13.3,1,8.0,61,18.0,29.77,21203.49500275427
0.459887006,62,30,13.3,1,10.0,72,14.0,29.78,2074.1111647953244
0.663276836,62,30,13.3,0,10.0,78,6.0,29.82,-6.115702643230036
0.761581921,65,32,8.1,0,10.0,78,6.0,29.81,-75.47192896102679
0.55819209,65,32,8.1,1,10.0,87,6.0,29.79,-86.85988467696002
0.35480226,65,32,8.1,1,10.0,75,0.0,29.81,3948.8759325834176
0.151412429,65,32,8.1,1,10.0,73,7.0,29.82,20987.523246483113
0.051977401,65,32,8.1,1,10.0,62,8.0,29.81,34540.796133692216
0.255367232,65,32,8.1,2,10.0,59,15.0,29.77,21403.630799950355
0.4587570620000001,65,32,8.1,1,10.0,70,10.0,29.78,2873.3973605522624
0.662146893,65,32,8.1,2,10.0,78,8.0,29.82,-45.36440849752247
0.7624434390000001,65,31,8.6,2,10.0,81,6.0,29.81,-86.85988467696002
0.558823529,65,31,8.6,4,10.0,75,5.0,29.82,-155.73412154267646
0.35520362,65,31,8.6,4,10.0,75,3.0,29.84,2099.353369637728
0.15158371,65,31,8.6,1,10.0,70,5.0,29.84,20987.523246483113
0.052036199,65,31,8.6,1,10.0,55,8.0,29.83,34247.151802668406
0.2556561089999999,65,31,8.6,1,10.0,55,15.0,29.8,21457.906536785875
0.4592760179999999,65,31,8.6,1,10.0,75,16.0,29.81,1843.9512777427847
0.662895928,65,31,8.6,1,10.0,84,9.0,29.84,-56.752364213455685
0.763306908,64,29,12.3,1,10.0,87,7.0,29.85,-188.18058479047602
0.559456399,64,29,12.3,4,10.0,83,8.0,29.85,-67.65833047730857
0.355605889,64,29,12.3,4,10.0,75,0.0,29.87,2168.709595955525
0.151755379,64,29,12.3,1,10.0,68,10.0,29.88,23150.543160336714
0.05209513,64,29,12.3,1,10.0,57,17.0,29.87,32959.962430437496
0.25594564,64,29,12.3,1,10.0,59,21.0,29.86,21188.211130627347
0.459796149,64,29,12.3,1,10.0,75,18.0,29.88,1533.9255490093376
0.663646659,64,29,12.3,1,10.0,81,10.0,29.93,-151.65779353989757
0.7641723359999999,61,29,14.4,2,10.0,81,7.0,29.92,-181.7653140034019
0.560090703,61,29,14.4,4,10.0,80,10.0,29.92,-61.243059690234425
0.35600907,61,29,14.4,4,9.0,81,9.0,29.94,1589.4075478938032
0.151927438,61,29,14.4,1,10.0,65,14.0,29.96,25999.551709217194
0.052154195,61,29,14.4,1,10.0,59,20.0,29.95,33080.49364036317
0.256235828,61,29,14.4,2,10.0,63,23.0,29.94,20980.797623150047
0.46031746,61,29,14.4,1,10.0,80,20.0,29.95,1533.9114316260616
0.664399093,61,29,14.4,2,10.0,83,15.0,29.98,-55.56495959882495
0.7641723359999999,64,27,11.0,3,10.0,86,10.0,29.98,-133.5744652663601
0.560090703,64,27,11.0,4,10.0,83,8.0,29.97,-113.0750082701062
0.35600907,64,27,11.0,3,10.0,78,0.0,30.0,4360.400594688398
0.151927438,64,27,11.0,1,10.0,63,7.0,30.01,25942.761193091737
0.052154195,64,27,11.0,1,10.0,55,21.0,29.99,33825.23916268898
0.256235828,64,27,11.0,1,10.0,57,17.0,29.97,21647.374575099886
0.46031746,64,27,11.0,1,10.0,70,14.0,29.97,2910.023372836557
0.664399093,64,27,11.0,1,10.0,78,11.0,29.99,-96.00895246276353
0.765039728,61,27,15.1,3,10.0,78,8.0,29.98,-94.15563137736632
0.5607264470000001,61,27,15.1,4,10.0,78,8.0,29.98,-73.65617438111248
0.356413167,61,27,15.1,4,10.0,80,10.0,30.01,1565.6064774869917
0.152099886,61,27,15.1,2,10.0,70,17.0,30.02,23285.244450378883
0.052213394,61,27,15.1,3,10.0,72,18.0,30.03,29303.836608953658
0.256526674,61,27,15.1,1,10.0,63,21.0,30.02,21738.0921159321
0.460839955,61,27,15.1,3,10.0,72,22.0,30.03,2359.476239144753
0.665153235,61,27,15.1,3,10.0,75,11.0,30.05,-39.7601696920452
0.7661748009999999,62,27,15.8,4,10.0,75,11.0,30.04,-53.765906408005
0.561861521,62,27,15.8,3,10.0,75,14.0,30.03,-89.19706383178321
0.357548241,62,27,15.8,2,10.0,70,13.0,30.04,7775.983390456757
0.15323496,62,27,15.8,1,10.0,56,17.0,30.05,27032.17645595071
0.05107832,62,27,15.8,0,10.0,51,22.0,30.03,34434.26368247768
0.2553916,62,27,15.8,1,10.0,56,22.0,30.0,22322.758175850402
0.459704881,62,27,15.8,1,10.0,72,18.0,29.97,2250.0859793817526
0.664018161,62,27,15.8,2,10.0,80,10.0,29.98,-84.3245975512193
0.767918089,62,27,12.9,3,10.0,78,13.0,29.95,-208.36220840033326
0.563139932,62,27,12.9,4,10.0,80,9.0,29.93,-113.0750082701062
0.358361775,62,27,12.9,1,10.0,78,0.0,29.94,3994.5097329655227
0.153583618,62,27,12.9,1,10.0,65,18.0,29.96,25544.8864269309
0.051194539,62,27,12.9,2,10.0,65,22.0,29.97,33251.415696274154
0.255972696,62,27,12.9,2,10.0,63,18.0,29.93,20790.884762455662
0.4607508529999999,62,27,12.9,1,10.0,67,13.0,29.91,2735.4266496686837
0.66552901,62,27,12.9,0,10.0,72,7.0,29.93,-81.8797350597953
0.767918089,64,28,17.7,0,10.0,78,6.0,29.92,-30.10050019303754
0.563139932,64,28,17.7,1,10.0,80,11.0,29.91,-6.422367899883312
0.358361775,64,28,17.7,1,10.0,72,13.0,29.95,6653.743645330815
0.153583618,64,28,17.7,1,10.0,53,11.0,29.95,27901.578113742708
0.051194539,64,28,17.7,0,10.0,55,24.0,29.96,34804.63923116105
0.255972696,64,28,17.7,1,10.0,53,29.0,29.91,22033.559550132017
0.4607508529999999,64,28,17.7,2,10.0,70,17.0,29.91,2686.991450072843
0.66552901,64,28,17.7,1,10.0,80,22.0,29.94,35.2253648750479
0.7687927109999999,60,26,14.7,3,10.0,83,16.0,29.95,-246.59720423935158
0.563781321,60,26,14.7,3,10.0,90,11.0,29.96,-100.58501954771641
0.358769932,60,26,14.7,3,10.0,83,8.0,29.98,3559.7894639861465
0.153758542,60,26,14.7,3,10.0,75,16.0,30.01,20466.333934173195
0.051252847,60,26,14.7,1,10.0,59,24.0,29.99,34348.66384424638
0.256264237,60,26,14.7,1,10.0,59,17.0,29.96,22292.783184265176
0.461275626,60,26,14.7,1,10.0,72,14.0,29.97,2250.0859793817526
0.6662870160000001,60,26,14.7,1,10.0,78,17.0,29.99,-67.97807428970299
0.770547945,61,28,14.6,3,10.0,83,9.0,29.98,-53.71163851342774
0.565068493,61,28,14.6,1,10.0,86,9.0,29.98,-32.492648971347535
0.359589041,61,28,14.6,1,10.0,75,10.0,29.99,4491.589931446915
0.154109589,61,28,14.6,2,10.0,65,15.0,30.01,25999.551709217194
0.0513698629999999,61,28,14.6,3,10.0,65,21.0,30.01,31497.42617769066
0.256849315,61,28,14.6,2,10.0,63,21.0,29.98,21229.826562300495
0.462328767,61,28,14.6,2,10.0,75,20.0,29.96,1960.4401167800108
0.667808219,61,28,14.6,3,10.0,87,22.0,29.99,81.85617833723592
0.770547945,62,28,13.3,4,10.0,90,18.0,29.99,-56.2844921446513
0.565068493,62,28,13.3,3,10.0,93,7.0,29.99,-111.85003714999263
0.359589041,62,28,13.3,3,10.0,83,7.0,30.0,3855.607649289554
0.154109589,62,28,13.3,3,10.0,68,13.0,30.02,19355.05400367374
0.0513698629999999,62,28,13.3,3,10.0,53,18.0,30.02,31346.269256728283
0.256849315,62,28,13.3,4,10.0,65,23.0,30.01,15492.954120868259
0.462328767,62,28,13.3,3,10.0,81,11.0,30.0,1899.8022933489376
0.667808219,62,28,13.3,3,10.0,83,16.0,30.0,-76.7839491409052
0.771428571,62,28,16.1,3,10.0,90,9.0,30.01,-26.21015749733311
0.5657142860000001,62,28,16.1,3,10.0,93,14.0,30.02,-21.25158995174999
0.36,62,28,16.1,3,10.0,93,11.0,30.05,4348.00548294623
0.154285714,62,28,16.1,2,10.0,65,14.0,30.07,26764.635072269233
0.051428571,62,28,16.1,2,10.0,55,20.0,30.07,33671.29708622603
0.257142857,62,28,16.1,2,10.0,53,28.0,30.05,22327.25496672983
0.4628571429999999,62,28,16.1,2,10.0,67,23.0,30.04,3527.22112287018
0.668571429,62,28,16.1,0,10.0,78,17.0,30.05,28.9139819255796
0.774341352,70,28,10.6,0,10.0,83,10.0,30.02,10.056252894884395
0.568155785,70,28,10.6,1,10.0,86,6.0,30.0,-20.05126756861992
0.3619702179999999,70,28,10.6,1,10.0,70,0.0,30.03,6974.184569287046
0.155784651,70,28,10.6,0,10.0,63,3.0,30.01,26482.77289587779
0.050400916,70,28,10.6,0,10.0,28,13.0,29.95,32792.156894773216
0.256586483,70,28,10.6,0,10.0,34,23.0,29.91,11219.598133914154
0.46277205,70,28,10.6,0,10.0,54,24.0,29.88,3296.3085553538526
0.668957617,70,28,10.6,0,10.0,65,9.0,29.89,45.373160513911166
0.774341352,73,30,10.4,0,10.0,72,5.0,29.87,171.4835111481084
0.568155785,73,30,10.4,1,10.0,72,6.0,29.85,171.4835111481084
0.3619702179999999,73,30,10.4,1,10.0,63,0.0,29.86,7225.635389074166
0.155784651,73,30,10.4,0,10.0,64,5.0,29.86,24379.754128044042
0.050400916,73,30,10.4,0,10.0,33,13.0,29.83,31540.69925036311
0.256586483,73,30,10.4,0,10.0,43,22.0,29.81,20991.77065058815
0.46277205,73,30,10.4,1,10.0,68,18.0,29.82,2912.3352448169985
0.668957617,73,30,10.4,1,10.0,81,11.0,29.87,83.18364214363356
0.7761194029999999,62,30,14.7,1,10.0,87,11.0,29.86,40.63474027740164
0.56946039,62,30,14.7,1,10.0,90,9.0,29.88,40.63474027740164
0.3628013779999999,62,30,14.7,1,10.0,84,10.0,29.93,3718.532112634555
0.156142365,62,30,14.7,1,10.0,63,14.0,29.96,26857.800058031728
0.050516648,62,30,14.7,1,10.0,59,18.0,29.96,34242.51190447803
0.25717566,62,30,14.7,1,10.0,68,23.0,29.94,20855.05934718371
0.463834673,62,30,14.7,1,10.0,83,18.0,29.96,1949.0521610640778
0.670493685,62,30,14.7,1,10.0,93,15.0,29.99,-27.53408142576441
0.777011494,60,30,13.0,1,10.0,96,11.0,29.99,-55.56495959882495
0.570114943,60,30,13.0,1,10.0,93,10.0,30.0,-60.52352714440807
0.363218391,60,30,13.0,1,10.0,90,8.0,30.04,4146.2045882025595
0.156321839,60,30,13.0,1,10.0,73,13.0,30.05,23561.715667901044
0.050574713,60,30,13.0,1,10.0,59,16.0,30.03,33863.93336906198
0.257471264,60,30,13.0,1,10.0,61,18.0,29.98,21582.92568372672
0.464367816,60,30,13.0,1,10.0,83,20.0,29.99,1921.0212828910178
0.671264368,60,30,13.0,1,10.0,90,14.0,30.03,-55.56495959882495
0.778801843,62,30,13.7,1,10.0,93,13.0,30.01,-55.56495959882495
0.571428571,62,30,13.7,1,10.0,93,10.0,30.01,-60.52352714440807
0.3640552999999999,62,30,13.7,1,10.0,83,6.0,30.03,3876.826638831634
0.156682028,62,30,13.7,1,10.0,68,8.0,30.02,23556.105356405566
0.050691244,62,30,13.7,1,10.0,57,17.0,29.98,33569.78023451821
0.258064516,62,30,13.7,2,10.0,63,21.0,29.93,21013.39363746685
0.4654377879999999,62,30,13.7,1,10.0,78,18.0,29.95,1715.9763137733075
0.67281106,62,30,13.7,1,10.0,93,15.0,29.97,-55.56495959882495
0.779700115,64,30,13.0,1,10.0,86,9.0,29.95,19.01913289141523
0.572087659,64,30,13.0,1,10.0,90,6.0,29.93,-11.088387572089117
0.3644752020000001,64,30,13.0,1,10.0,81,6.0,29.94,3660.3937139979907
0.156862745,64,30,13.0,2,10.0,59,8.0,29.94,26080.645078775342
0.050749712,64,30,13.0,3,10.0,53,16.0,29.91,31809.574305908987
0.258362168,64,30,13.0,3,10.0,70,23.0,29.9,16796.474128609403
0.465974625,64,30,13.0,2,10.0,84,18.0,29.89,1693.214519724717
0.6735870820000001,64,30,13.0,1,10.0,90,13.0,29.91,23.97770043699835
0.780600462,64,30,13.1,2,10.0,90,10.0,29.9,12.60386210434108
0.572748268,64,30,13.1,2,10.0,93,11.0,29.88,12.60386210434108
0.3648960739999999,64,30,13.1,2,10.0,84,8.0,29.91,3690.5012344614947
0.15704388,64,30,13.1,1,10.0,68,7.0,29.91,23339.67243157192
0.050808314,64,30,13.1,1,10.0,51,16.0,29.88,33523.033698654224
0.258660508,64,30,13.1,1,10.0,61,22.0,29.85,21268.80904884034
0.4665127020000001,64,30,13.1,1,9.0,81,16.0,29.87,1693.214519724717
0.6743648959999999,64,30,13.1,2,10.0,83,11.0,29.94,23.97770043699835
0.782407407,61,28,14.6,1,10.0,83,11.0,29.94,-118.66834782125389
0.574074074,61,28,14.6,2,10.0,87,5.0,29.93,-153.73443583034134
0.365740741,61,28,14.6,1,8.0,87,13.0,29.96,4556.487499830646
0.157407407,61,28,14.6,1,10.0,72,17.0,30.0,16612.148822743424
0.0509259259999999,61,28,14.6,1,10.0,65,18.0,30.0,33601.5334886756
0.2592592589999999,61,28,14.6,1,10.0,70,26.0,29.97,20114.55931305599
0.4675925929999999,61,28,14.6,2,10.0,83,15.0,29.96,1949.0521610640778
0.6759259259999999,61,28,14.6,3,10.0,90,15.0,29.99,-48.753070967844614
0.784222738,59,27,16.1,4,10.0,93,15.0,29.98,-52.58408153536792
0.5754060320000001,59,27,16.1,4,10.0,93,11.0,29.97,-52.58408153536792
0.366589327,59,27,16.1,4,9.0,90,17.0,30.0,1928.075425509222
0.157772622,59,27,16.1,3,10.0,81,14.0,30.02,13078.694632100342
0.051044084,59,27,16.1,3,10.0,73,23.0,30.02,31396.241818740036
0.259860789,59,27,16.1,2,10.0,72,22.0,29.98,20374.00530358182
0.468677494,59,27,16.1,3,10.0,87,17.0,29.96,1903.5027039582205
0.6774941999999999,59,27,16.1,3,10.0,87,17.0,29.97,-73.08353853162178
0.784222738,59,27,13.7,4,10.0,90,15.0,29.96,-108.11644072452307
0.5754060320000001,59,27,13.7,4,10.0,90,13.0,29.96,-108.11644072452307
0.366589327,59,27,13.7,4,10.0,90,8.0,29.97,1251.0206039576187
0.157772622,59,27,13.7,3,10.0,78,16.0,29.98,13165.411747671154
0.051044084,59,27,13.7,3,10.0,72,17.0,29.96,32266.64931743487
0.259860789,59,27,13.7,2,10.0,70,17.0,29.92,19677.123444885976
0.468677494,59,27,13.7,3,10.0,83,16.0,29.9,1449.4866551714526
0.6774941999999999,59,27,13.7,4,10.0,87,9.0,29.92,-113.0750082701062
0.786046512,60,26,13.6,4,10.0,87,11.0,29.91,-108.11644072452307
0.576744186,60,26,13.6,4,10.0,90,8.0,29.9,-119.49027905718033
0.36744186,60,26,13.6,3,10.0,86,8.0,29.92,2317.63454670548
0.158139535,60,26,13.6,1,10.0,67,14.0,29.92,19611.307672045055
0.051162791,60,26,13.6,1,10.0,61,18.0,29.91,33389.430055421726
0.260465116,60,26,13.6,2,10.0,70,20.0,29.89,19426.99498490603
0.469767442,60,26,13.6,4,9.0,83,15.0,29.9,1483.2035337063649
0.679069767,60,26,13.6,4,10.0,87,14.0,29.93,-108.11644072452307
0.787878788,59,26,13.1,4,10.0,87,13.0,29.93,-108.11644072452307
0.578088578,59,26,13.1,4,10.0,86,11.0,29.93,-108.11644072452307
0.368298368,59,26,13.1,4,10.0,83,9.0,29.96,1251.0206039576187
0.158508159,59,26,13.1,4,10.0,78,10.0,29.97,10282.462015989324
0.0512820509999999,59,26,13.1,1,10.0,61,18.0,29.96,33628.665443468504
0.261072261,59,26,13.1,1,10.0,68,22.0,29.94,19912.944914981006
0.470862471,59,26,13.1,4,10.0,81,15.0,29.95,1494.577372039022
0.680652681,59,26,13.1,4,10.0,87,8.0,29.97,-113.0750082701062
0.7897196259999999,60,29,15.0,4,10.0,86,9.0,29.97,-33.21218151717389
0.579439252,60,29,15.0,4,10.0,86,8.0,29.98,-33.21218151717389
0.369158879,60,29,15.0,3,10.0,86,9.0,29.98,2839.485143019514
0.158878505,60,29,15.0,1,10.0,70,14.0,29.99,21151.395526741475
0.051401869,60,29,15.0,1,10.0,63,20.0,29.96,33638.28463652445
0.261682243,60,29,15.0,2,10.0,70,26.0,29.94,19972.488269017456
0.471962617,60,29,15.0,1,9.0,86,20.0,29.94,1561.9423097991216
0.682242991,60,29,15.0,1,10.0,93,16.0,29.99,-27.53408142576441
0.790643275,63,30,13.0,3,10.0,96,15.0,30.0,-76.7839491409052
0.5801169589999999,63,30,13.0,4,10.0,90,6.0,30.0,-91.35058015373875
0.369590643,63,30,13.0,4,10.0,87,0.0,30.03,1374.2267562466398
0.159064327,63,30,13.0,1,10.0,70,6.0,30.01,21363.94578625813
0.051461988,63,30,13.0,1,10.0,53,13.0,29.96,33433.40682975428
0.261988304,63,30,13.0,2,10.0,65,24.0,29.93,20986.37489133284
0.47251462,63,30,13.0,2,10.0,83,22.0,29.94,1835.1976073624548
0.6830409359999999,63,30,13.0,1,10.0,96,15.0,29.97,-55.56495959882495
0.7915690870000001,61,29,14.2,3,10.0,96,15.0,29.96,-76.7839491409052
0.5807962529999999,61,29,14.2,3,10.0,96,8.0,29.96,-81.74251668648832
0.3700234189999999,61,29,14.2,4,9.0,90,8.0,29.97,1302.8525525374903
0.159250585,61,29,14.2,1,10.0,70,14.0,29.95,14548.744732163465
0.051522248,61,29,14.2,1,10.0,59,14.0,29.9,33019.78566281146
0.262295082,61,29,14.2,1,10.0,72,26.0,29.88,19612.229681232944
0.473067916,61,29,14.2,1,10.0,87,20.0,29.88,1522.5375932934044
0.683840749,61,29,14.2,3,10.0,90,10.0,29.91,-172.8767830819778
0.79342723,62,27,12.8,4,10.0,87,11.0,29.89,-119.49027905718033
0.582159624,62,27,12.8,4,10.0,90,8.0,29.88,-119.49027905718033
0.3708920189999999,62,27,12.8,4,10.0,90,6.0,29.9,951.7687292569476
0.159624413,62,27,12.8,3,10.0,75,13.0,29.9,11769.717425841629
0.051643192,62,27,12.8,1,10.0,68,18.0,29.86,30315.89928156242
0.262910798,62,27,12.8,2,10.0,70,21.0,29.83,19310.42278875739
0.474178404,62,27,12.8,3,10.0,84,15.0,29.84,1449.4866551714526
0.6854460090000001,62,27,12.8,4,10.0,87,13.0,29.86,-119.49027905718033
0.7952941179999999,65,27,13.6,4,10.0,84,7.0,29.85,-149.5977995206847
0.5835294120000001,65,27,13.6,4,10.0,84,8.0,29.84,-119.49027905718033
0.371764706,65,27,13.6,4,10.0,84,6.0,29.87,1101.858128706293
0.16,65,27,13.6,1,10.0,68,14.0,29.88,17082.437990470924
0.0517647059999999,65,27,13.6,1,10.0,59,21.0,29.86,32929.58209515495
0.263529412,65,27,13.6,1,10.0,66,22.0,29.85,20253.272530212802
0.475294118,65,27,13.6,3,9.0,81,17.0,29.86,1449.4866551714526
0.6870588240000001,65,27,13.6,4,10.0,84,13.0,29.89,-119.49027905718033
0.797169811,63,26,11.6,4,10.0,87,7.0,29.89,-149.5977995206847
0.58490566,63,26,11.6,4,10.0,84,9.0,29.89,-119.49027905718033
0.372641509,63,26,11.6,4,10.0,81,8.0,29.93,1352.5023281302726
0.160377358,63,26,11.6,3,10.0,70,15.0,29.96,13127.898064068233
0.051886792,63,26,11.6,1,10.0,66,18.0,29.95,32404.481775306143
0.264150943,63,26,11.6,3,10.0,70,17.0,29.91,16486.238048812174
0.476415094,63,26,11.6,4,9.0,84,14.0,29.93,1494.577372039022
0.688679245,63,26,11.6,4,10.0,87,8.0,29.95,-113.0750082701062
0.799054374,62,28,12.8,4,10.0,87,8.0,29.94,-61.243059690234425
0.586288416,62,28,12.8,4,10.0,93,7.0,29.94,-91.35058015373875
0.373522459,62,28,12.8,4,10.0,87,7.0,29.98,1374.2267562466398
0.160756501,62,28,12.8,3,10.0,75,13.0,29.99,14531.89813860031
0.0520094559999999,62,28,12.8,1,10.0,61,16.0,29.97,33060.286138079624
0.264775414,62,28,12.8,2,10.0,70,24.0,29.92,19605.83408756123
0.477541371,62,28,12.8,2,9.0,87,13.0,29.94,1533.9114316260616
0.690307329,62,28,12.8,3,10.0,93,13.0,29.96,-76.7839491409052
0.800947867,63,28,13.0,4,9.0,90,13.0,29.95,-56.2844921446513
0.587677725,63,28,13.0,4,10.0,90,5.0,29.94,-91.35058015373875
0.374407583,63,28,13.0,4,10.0,87,5.0,29.97,1374.2267562466398
0.161137441,63,28,13.0,2,10.0,68,13.0,29.98,21147.089812949136
0.052132701,63,28,13.0,1,10.0,63,24.0,29.97,33155.01628442269
0.2654028439999999,63,28,13.0,2,10.0,73,20.0,29.97,19730.051355663916
0.478672986,63,28,13.0,3,9.0,81,13.0,29.98,1899.8022933489376
0.691943128,63,28,13.0,2,10.0,84,10.0,30.0,-60.52352714440807
0.8018979829999999,63,27,13.5,4,10.0,84,13.0,29.99,-108.11644072452307
0.5883748520000001,63,27,13.5,4,10.0,90,5.0,29.99,-143.18252873361052
0.37485172,63,27,13.5,4,10.0,87,11.0,30.02,1357.4608956758557
0.161328588,63,27,13.5,3,10.0,70,14.0,30.02,16108.655438961474
0.0521945429999999,63,27,13.5,1,10.0,63,16.0,30.0,32886.47425534499
0.265717675,63,27,13.5,1,10.0,65,25.0,29.97,21061.223764012266
0.4792408070000001,63,27,13.5,3,10.0,81,13.0,29.96,1847.9703447690658
0.692763938,63,27,13.5,4,10.0,84,16.0,29.98,-108.11644072452307
0.803804994,64,27,11.5,4,10.0,87,10.0,29.98,-113.0750082701062
0.5897740779999999,64,27,11.5,4,9.0,90,5.0,29.99,-143.18252873361052
0.375743163,64,27,11.5,4,10.0,84,6.0,30.01,1472.4842071161138
0.161712247,64,27,11.5,4,10.0,70,8.0,30.02,11945.967228470783
0.052318668,64,27,11.5,1,10.0,59,15.0,30.0,33423.47008939432
0.266349584,64,27,11.5,1,10.0,61,17.0,29.97,20959.404263348686
0.4803804989999999,64,27,11.5,1,10.0,75,14.0,29.97,1880.5772900270795
0.694411415,64,27,11.5,4,10.0,87,17.0,29.99,-108.11644072452307
0.805721097,66,27,12.0,4,10.0,93,7.0,30.01,-109.87239067811137
0.591179976,66,27,12.0,4,10.0,87,3.0,30.02,-109.87239067811137
0.376638856,66,27,12.0,3,10.0,81,5.0,30.05,3196.5025878374345
0.162097735,66,27,12.0,1,10.0,66,11.0,30.06,23035.874690253797
0.052443385,66,27,12.0,0,10.0,52,18.0,30.03,33179.79296256857
0.266984505,66,27,12.0,1,10.0,55,21.0,29.99,20567.615150517373
0.481525626,66,27,12.0,1,10.0,73,18.0,29.97,2250.0859793817526
0.696066746,66,27,12.0,1,10.0,84,10.0,30.0,-79.04533766878069
0.8076463559999999,66,26,14.0,1,10.0,81,16.0,30.0,-74.08677012319757
0.592592593,66,26,14.0,4,10.0,90,9.0,30.01,-79.76487021460707
0.3775388289999999,66,26,14.0,4,10.0,84,7.0,30.01,1505.7943451716126
0.1624850659999999,66,26,14.0,3,10.0,68,13.0,30.02,16439.545838035516
0.052568698,66,26,14.0,1,10.0,59,17.0,30.01,32946.298192718794
0.267622461,66,26,14.0,2,10.0,68,23.0,29.98,19907.450022298384
0.482676225,66,26,14.0,3,10.0,70,13.0,29.96,2888.804383294477
0.697729988,66,26,14.0,4,10.0,78,10.0,29.98,-68.37691449867386
0.809580838,66,27,12.9,3,10.0,78,5.0,29.96,-118.98389195843203
0.594011976,66,27,12.9,4,10.0,81,10.0,29.97,-79.76487021460707
0.3784431139999999,66,27,12.9,3,10.0,78,9.0,30.02,3349.5573483008006
0.162874251,66,27,12.9,3,10.0,57,11.0,30.04,19699.8203077746
0.0526946109999999,66,27,12.9,3,10.0,59,10.0,30.06,30584.77515258952
0.268263473,66,27,12.9,2,10.0,59,15.0,30.03,20289.20004506856
0.483832335,66,27,12.9,2,10.0,73,20.0,30.02,2250.0859793817526
0.699401198,66,27,12.9,2,10.0,81,17.0,30.04,-59.15506969567324
0.81032413,64,27,16.1,3,10.0,87,11.0,30.03,-73.08353853162178
0.594237695,64,27,16.1,4,10.0,84,16.0,30.02,-52.58408153536792
0.378151261,64,27,16.1,3,10.0,81,17.0,30.05,3870.3547917970445
0.162064826,64,27,16.1,2,10.0,65,11.0,30.07,23881.005174151436
0.054021609,64,27,16.1,2,10.0,61,23.0,30.06,33361.464783732044
0.270108043,64,27,16.1,2,10.0,63,17.0,30.03,20541.572306888804
0.486194478,64,27,16.1,1,10.0,81,20.0,30.02,1924.7216935003007
0.702280912,64,27,16.1,1,9.0,87,18.0,30.03,-51.86454898954157
0.812274368,67,30,9.8,1,9.0,87,7.0,30.02,-57.320909552413234
0.59566787,67,30,9.8,0,10.0,84,3.0,30.0,-57.320909552413234
0.379061372,67,30,9.8,0,8.0,81,0.0,30.02,2835.875871980529
0.162454874,67,30,9.8,1,8.0,73,5.0,30.02,19945.656594992415
0.054151625,67,30,9.8,1,10.0,50,18.0,29.98,32462.687325684474
0.270758123,67,30,9.8,1,10.0,55,16.0,29.95,19981.21865251926
0.487364621,67,30,9.8,2,9.0,78,18.0,29.94,1749.2864518288065
0.7039711190000001,67,30,9.8,1,10.0,84,9.0,29.96,-27.213389088908908
0.814234017,71,29,9.7,0,10.0,84,5.0,29.93,-111.18553396410945
0.597104946,71,29,9.7,0,10.0,87,0.0,29.93,-111.18553396410945
0.379975875,71,29,9.7,0,9.0,75,0.0,29.94,3042.6605566780854
0.162846803,71,29,9.7,1,9.0,73,5.0,29.95,20046.726497933636
0.054282268,71,29,9.7,1,10.0,32,20.0,29.91,31649.86150113335
0.271411339,71,29,9.7,1,10.0,47,20.0,29.88,19814.953812340977
0.48854041,71,29,9.7,2,10.0,73,15.0,29.85,1940.7038803478044
0.7056694809999999,71,29,9.7,0,10.0,75,9.0,29.88,-76.10532857174599
0.816203144,73,30,10.3,0,10.0,78,5.0,29.88,64.46407739606244
0.598548972,73,30,10.3,0,10.0,84,5.0,29.88,53.076121680129226
0.3808948,73,30,10.3,0,10.0,75,0.0,29.92,3213.3374831093984
0.163240629,73,30,10.3,1,10.0,66,5.0,29.94,23160.087675589188
0.0544135429999999,73,30,10.3,1,10.0,44,21.0,29.92,32142.32631899804
0.272067715,73,30,10.3,2,10.0,55,20.0,29.91,18998.85332157623
0.489721886,73,30,10.3,2,10.0,78,18.0,29.91,1786.5560938125998
0.7073760579999999,73,30,10.3,1,10.0,87,10.0,29.96,10.056252894884395
0.818181818,66,30,9.3,2,10.0,90,8.0,29.97,-27.213389088908908
0.6,66,30,9.3,2,10.0,90,5.0,29.98,-57.320909552413234
0.381818182,66,30,9.3,1,10.0,84,0.0,30.02,2835.875871980529
0.163636364,66,30,9.3,1,10.0,70,7.0,30.03,20005.602192545575
0.054545455,66,30,9.3,3,10.0,61,21.0,30.02,29803.99867810842
0.272727273,66,30,9.3,1,10.0,70,18.0,30.0,18496.432530085043
0.490909091,66,30,9.3,3,10.0,87,13.0,30.0,1933.1124314044366
0.709090909,66,30,9.3,2,10.0,90,8.0,30.01,-27.213389088908908
0.8201701090000001,71,29,12.5,2,10.0,90,5.0,30.0,-20.05126756861992
0.60145808,71,29,12.5,2,10.0,93,7.0,29.99,-20.05126756861992
0.382746051,71,29,12.5,3,10.0,90,0.0,30.0,2851.926524422242
0.164034022,71,29,12.5,1,10.0,73,3.0,30.01,20433.836349198595
0.054678007,71,29,12.5,1,10.0,42,22.0,29.98,32817.521730105014
0.273390036,71,29,12.5,1,10.0,50,31.0,29.94,19348.07683850639
0.492102066,71,29,12.5,3,10.0,53,14.0,29.93,2946.568339318737
0.710814095,71,29,12.5,1,10.0,73,10.0,29.96,128.46364236286354
0.8209500609999999,67,28,21.2,2,10.0,78,14.0,29.95,38.2757258715489
0.601705238,67,28,21.2,2,10.0,90,15.0,29.94,26.887770155615684
0.3824604139999999,67,28,21.2,1,10.0,81,16.0,29.97,3627.782712900914
0.163215591,67,28,21.2,1,10.0,63,17.0,29.98,24921.265573864297
0.056029233,67,28,21.2,1,10.0,48,28.0,29.97,33884.90964087601
0.275274056,67,28,21.2,1,10.0,48,26.0,29.93,19517.68492973567
0.4945188789999999,67,28,21.2,0,10.0,61,28.0,29.91,3385.914430429523
0.7137637029999999,67,28,21.2,2,10.0,72,20.0,29.94,117.26428145053447
0.82396088,63,26,19.3,2,10.0,72,18.0,29.96,156.56659926615214
0.60391198,63,26,19.3,2,10.0,72,24.0,29.95,247.81762954127274
0.383863081,63,26,19.3,1,10.0,72,17.0,29.97,5914.760643109295
0.163814181,63,26,19.3,1,10.0,63,26.0,29.99,24918.55302086878
0.056234719,63,26,19.3,1,10.0,63,21.0,29.99,33577.73720362031
0.276283619,63,26,19.3,1,10.0,65,23.0,29.96,19687.08162038756
0.4963325179999999,63,26,19.3,2,10.0,75,15.0,29.94,1578.8663785604083
0.716381418,63,26,19.3,1,10.0,81,10.0,29.94,-118.09080232148389
0.8259803920000001,67,30,8.5,0,10.0,83,3.0,29.94,22.221750483410062
0.605392157,67,30,8.5,1,10.0,83,3.0,29.93,22.221750483410062
0.384803922,67,30,8.5,0,10.0,78,0.0,29.96,3392.500765959249
0.164215686,67,30,8.5,0,9.0,70,5.0,29.96,20005.602192545575
0.056372549,67,30,8.5,0,10.0,40,15.0,29.93,31934.63384398133
0.2769607839999999,67,30,8.5,0,10.0,53,21.0,29.91,19072.815613103383
0.49754902,67,30,8.5,1,10.0,72,9.0,29.89,2074.1111647953244
0.718137255,67,30,8.5,1,10.0,81,13.0,29.92,131.25013001964925
0.826993865,65,30,11.1,1,10.0,83,7.0,29.9,-17.503658359163254
0.606134969,65,30,11.1,1,10.0,83,6.0,29.9,-17.503658359163254
0.3852760739999999,65,30,11.1,1,10.0,78,0.0,29.93,3142.7577030701063
0.164417178,65,30,11.1,2,10.0,61,6.0,29.93,23261.23266500958
0.0564417179999999,65,30,11.1,1,10.0,53,14.0,29.9,32530.35914845059
0.277300613,65,30,11.1,1,10.0,51,22.0,29.85,19764.285505938034
0.498159509,65,30,11.1,1,9.0,78,18.0,29.85,1704.6024754406503
0.719018405,65,30,11.1,1,10.0,83,16.0,29.89,12.60386210434108
0.82902829,62,29,14.2,1,10.0,83,10.0,29.87,-158.0730643269717
0.607626076,62,29,14.2,1,10.0,87,7.0,29.87,-188.18058479047602
0.386223862,62,29,14.2,1,9.0,84,8.0,29.92,2445.5634031235777
0.164821648,62,29,14.2,1,10.0,65,10.0,29.92,22743.807073348307
0.056580566,62,29,14.2,1,10.0,65,23.0,29.9,32284.317274848254
0.27798278,62,29,14.2,1,10.0,73,25.0,29.86,18518.04361367642
0.4993849939999999,62,29,14.2,3,10.0,87,18.0,29.86,1501.3186037513242
0.720787208,62,29,14.2,3,10.0,87,13.0,29.88,-179.29205386905193
0.830864198,62,29,11.5,3,10.0,87,6.0,29.87,-209.39957433255626
0.608641975,62,29,11.5,4,10.0,83,5.0,29.86,-97.76585094081288
0.386419753,62,29,11.5,4,9.0,84,7.0,29.87,1175.4403071711463
0.164197531,62,29,11.5,1,9.0,73,13.0,29.88,19540.094398923564
0.0580246909999999,62,29,11.5,1,10.0,63,18.0,29.85,32015.97763060162
0.2802469139999999,62,29,11.5,1,10.0,68,21.0,29.81,17983.2488033359
0.502469136,62,29,11.5,1,10.0,87,18.0,29.81,1522.5375932934044
0.724691358,62,29,11.5,1,10.0,90,10.0,29.84,-158.0730643269717
0.832920792,65,30,8.6,4,10.0,93,10.0,29.82,-67.65833047730857
0.610148515,65,30,8.6,4,10.0,87,6.0,29.82,-97.76585094081288
0.387376238,65,30,8.6,4,10.0,84,0.0,29.85,1325.5297066204919
0.16460396,65,30,8.6,2,9.0,73,5.0,29.87,19710.771325354875
0.058168317,65,30,8.6,1,9.0,66,6.0,29.85,31399.234004037327
0.280940594,65,30,8.6,1,10.0,63,17.0,29.82,18567.293108559956
0.5037128710000001,65,30,8.6,1,10.0,81,15.0,29.84,1693.214519724717
0.726485149,65,30,8.6,1,10.0,78,6.0,29.87,-6.115702643230036
0.8349875929999999,64,28,12.3,2,10.0,84,0.0,29.86,-188.18058479047602
0.611662531,64,28,12.3,3,10.0,84,6.0,29.88,-209.39957433255626
0.388337469,64,28,12.3,3,10.0,81,7.0,29.91,2394.2368931179935
0.165012407,64,28,12.3,1,10.0,66,10.0,29.92,20868.520138428354
0.058312655,64,28,12.3,1,10.0,55,16.0,29.92,32479.264079424178
0.281637717,64,28,12.3,1,10.0,65,21.0,29.9,18263.37979453558
0.504962779,64,28,12.3,2,10.0,84,20.0,29.91,1533.9114316260616
0.728287841,64,28,12.3,4,10.0,90,14.0,29.94,-56.2844921446513
0.8381070979999999,68,29,9.2,4,10.0,87,6.0,29.93,-58.0404420982396
0.613947696,68,29,9.2,4,10.0,90,0.0,29.91,-58.0404420982396
0.389788294,68,29,9.2,4,9.0,87,3.0,29.92,1557.6262937514841
0.165628892,68,29,9.2,1,10.0,75,3.0,29.92,19795.22677174504
0.0585305109999999,68,29,9.2,1,10.0,68,6.0,29.87,29280.939935536877
0.282689913,68,29,9.2,2,10.0,55,18.0,29.81,18305.267062910847
0.506849315,68,29,9.2,2,10.0,70,15.0,29.82,2563.371631818816
0.731008717,68,29,9.2,0,10.0,78,10.0,29.86,-113.37497055553929
0.838951311,63,29,14.7,1,10.0,81,11.0,29.84,-130.04218615391116
0.61423221,63,29,14.7,1,10.0,84,8.0,29.83,-130.04218615391116
0.3895131089999999,63,29,14.7,2,9.0,84,7.0,29.88,2244.70031175764
0.164794007,63,29,14.7,2,10.0,73,17.0,29.89,20115.147323408495
0.059925094,63,29,14.7,2,10.0,63,21.0,29.86,31343.823717743802
0.284644195,63,29,14.7,3,10.0,68,17.0,29.86,15096.176861250337
0.509363296,63,29,14.7,3,10.0,78,22.0,29.88,1671.346686945398
0.734082397,63,29,14.7,3,10.0,81,14.0,29.89,-151.26117569599137
0.8410513140000001,62,28,11.6,3,10.0,81,6.0,29.87,-209.39957433255626
0.6157697120000001,62,28,11.6,2,10.0,87,3.0,29.87,-188.18058479047602
0.39048811,62,28,11.6,2,10.0,87,6.0,29.91,2415.4558826600737
0.165206508,62,28,11.6,2,10.0,63,10.0,29.94,21244.33260441803
0.060075094,62,28,11.6,2,10.0,57,24.0,29.92,32599.960004397875
0.285356696,62,28,11.6,2,10.0,65,29.0,29.91,18778.868151644023
0.5106382979999999,62,28,11.6,3,10.0,83,11.0,29.91,1512.6924420839814
0.7359199000000001,62,28,11.6,3,10.0,80,8.0,29.92,-172.8767830819778
0.843161857,61,27,8.1,2,10.0,80,8.0,29.91,-203.4897421197694
0.617314931,61,27,8.1,1,10.0,83,3.0,29.91,-233.59726258327373
0.391468005,61,27,8.1,1,9.0,80,0.0,29.94,2363.6239340802017
0.165621079,61,27,8.1,1,10.0,68,3.0,29.96,20640.597190767345
0.060225847,61,27,8.1,1,10.0,59,18.0,29.95,31167.452380264825
0.286072773,61,27,8.1,1,10.0,63,14.0,29.95,18442.157437425398
0.511919699,61,27,8.1,1,10.0,75,14.0,29.94,1567.4297302892749
0.737766625,61,27,8.1,1,10.0,86,9.0,29.97,-112.35547572427988
0.845283019,63,29,9.8,1,10.0,83,3.0,29.97,-90.63104760791241
0.618867925,63,29,9.8,4,10.0,83,5.0,29.96,-91.35058015373875
0.39245283,63,29,9.8,2,9.0,87,7.0,29.99,2802.56573392503
0.166037736,63,29,9.8,1,10.0,70,6.0,29.99,20005.602192545575
0.060377358,63,29,9.8,1,10.0,66,6.0,29.96,30764.16662556194
0.286792453,63,29,9.8,1,10.0,63,21.0,29.92,18420.02709447812
0.513207547,63,29,9.8,1,10.0,78,16.0,29.93,1476.7556902269373
0.739622642,63,29,9.8,1,10.0,90,15.0,29.97,-55.56495959882495
0.8472222220000001,62,30,12.1,1,10.0,93,8.0,29.99,-60.52352714440807
0.619949495,62,30,12.1,4,10.0,90,5.0,29.99,-91.35058015373875
0.3926767679999999,62,30,12.1,4,9.0,87,5.0,30.02,1374.2267562466398
0.16540404,62,30,12.1,1,10.0,70,13.0,30.03,20010.560760091157
0.061868687,62,30,12.1,1,10.0,61,15.0,30.0,31701.447672373248
0.289141414,62,30,12.1,1,10.0,70,23.0,29.98,18489.011554959416
0.516414141,62,30,12.1,2,10.0,90,13.0,29.99,456.58207321297493
0.743686869,62,30,12.1,1,10.0,93,15.0,30.04,-40.6332591713006
0.849367089,71,29,9.8,2,10.0,93,10.0,30.05,27.614879514200577
0.6215189870000001,71,29,9.8,3,10.0,96,6.0,30.04,-26.338556683175813
0.393670886,71,29,9.8,4,0.25,100,5.0,30.06,1996.695322193714
0.165822785,71,29,9.8,1,10.0,78,3.0,30.05,20378.23596205886
0.062025316,71,29,9.8,0,10.0,42,13.0,30.0,30943.70409280931
0.289873418,71,29,9.8,3,10.0,47,18.0,29.95,15842.813304061077
0.517721519,71,29,9.8,3,10.0,47,22.0,29.95,761.8576302938852
0.74556962,71,29,9.8,3,10.0,61,9.0,29.98,269.6712637599919
0.8526048279999999,78,29,6.6,3,10.0,72,6.0,29.97,234.40712615310377
0.6238881829999999,78,29,6.6,3,10.0,52,0.0,29.94,-510.47634058706643
0.395171537,78,29,6.6,3,10.0,71,0.0,29.97,6324.324348252043
0.166454892,78,29,6.6,3,10.0,66,3.0,29.97,18711.878550977875
0.0622617529999999,78,29,6.6,3,10.0,36,5.0,29.94,27889.658952186157
0.290978399,78,29,6.6,4,10.0,19,20.0,29.91,15427.14774239924
0.519695044,78,29,6.6,4,10.0,32,13.0,29.9,1085.5430736267267
0.74841169,78,29,6.6,1,10.0,45,6.0,29.92,-477.5435871348711
0.85477707,74,29,12.4,1,10.0,46,5.0,29.9,-122.15820174110706
0.625477707,74,29,12.4,1,10.0,57,3.0,29.89,-149.98120034361125
0.3961783439999999,74,29,12.4,1,10.0,66,0.0,29.91,5792.42911593359
0.166878981,74,29,12.4,1,10.0,74,0.0,29.9,19454.1858384129
0.062420382,74,29,12.4,1,10.0,40,24.0,29.86,32084.941593851425
0.291719745,74,29,12.4,1,10.0,43,30.0,29.82,18400.069237183896
0.521019108,74,29,12.4,1,10.0,70,21.0,29.81,366.6832783927365
0.7503184709999999,74,29,12.4,1,10.0,81,14.0,29.84,-87.49328428767923
0.855683269,61,27,15.8,1,10.0,90,18.0,29.83,-181.87413473378297
0.6257982120000001,61,27,15.8,1,10.0,90,13.0,29.84,-181.87413473378297
0.395913155,61,27,15.8,2,10.0,90,8.0,29.86,2008.8546871642639
0.1660280969999999,61,27,15.8,2,10.0,75,14.0,29.88,19947.821669240275
0.06385696,61,27,15.8,2,10.0,68,23.0,29.86,29439.011679847164
0.293742018,61,27,15.8,2,10.0,73,20.0,29.83,16134.901460511037
0.523627075,61,27,15.8,3,10.0,84,17.0,29.85,72.73045138341294
0.753512133,61,27,15.8,4,10.0,90,13.0,29.87,-91.45940088411982
0.85787452,63,27,13.9,4,10.0,93,11.0,29.86,-119.49027905718033
0.627400768,63,27,13.9,4,10.0,90,11.0,29.86,-119.49027905718033
0.3969270170000001,63,27,13.9,4,10.0,87,9.0,29.9,939.5946825777705
0.166453265,63,27,13.9,4,10.0,75,10.0,29.93,11250.204836481777
0.064020487,63,27,13.9,1,10.0,66,15.0,29.91,30507.482992070436
0.294494238,63,27,13.9,2,10.0,68,21.0,29.88,16435.314206312305
0.52496799,63,27,13.9,2,10.0,81,17.0,29.87,65.91856275243263
0.7554417409999999,63,27,13.9,1,10.0,81,11.0,29.9,-209.90501290684352
